token,logprob_actual,logprob_max,entropy,most_likely_token
B,-3.546454429626465,-1.8125848770141602,4.67125940322876,1
:,-11.321185111999512,-1.411238670349121,2.981560707092285,und
Ġ(,-5.526364803314209,-2.3628158569335938,6.873802185058594,Ġ
In,-5.897531032562256,-1.5310472249984741,5.365761756896973,1
ĠSch,-8.257116317749023,-1.525809407234192,4.539976596832275,halt
rift,-0.8298506140708923,-0.8298506140708923,3.0771634578704834,rift
spr,-7.898714542388916,-1.0034023523330688,2.372774124145508,form
ache,-0.0032693292014300823,-0.0032693292014300823,0.03443271294236183,ache
.),-6.332123756408691,-1.5737154483795166,3.6170730590820312,Ġab
ĠJa,-8.030574798583984,-2.668642520904541,5.7078471183776855,Ġ(
",",-0.4968162775039673,-0.4968162775039673,1.8771800994873047,","
ĠnatÃ¼rlich,-4.944121360778809,-1.8393027782440186,4.816131591796875,Ġich
.,-1.4530835151672363,-1.133985996246338,3.1070454120635986,","
ĠJ,-5.620074272155762,-2.201543092727661,4.538752555847168,ĠIch
eden,-1.1545917987823486,-0.9769537448883057,2.2139105796813965,eder
ĠM,-5.2138447761535645,-0.16376635432243347,0.8507264852523804,falls
orgen,-0.03878386318683624,-0.03878386318683624,0.2467922866344452,orgen
Ġbegin,-5.493654251098633,-1.3300944566726685,4.186413764953613,","
ne,-1.3683847188949585,-0.6581796407699585,1.1917083263397217,nt
Ġich,-0.016990577802062035,-0.016990577802062035,0.16673125326633453,Ġich
Ġden,-3.431769847869873,-0.8545403480529785,2.7742152214050293,Ġmit
ĠTag,-0.15077979862689972,-0.15077979862689972,1.1847484111785889,ĠTag
Ġmit,-0.4747939705848694,-0.4747939705848694,1.770873785018921,Ġmit
Ġeiner,-1.5508066415786743,-1.5345426797866821,3.470759868621826,Ġeinem
ĠT,-1.8893566131591797,-1.8893566131591797,5.380693435668945,ĠT
asse,-0.011546333320438862,-0.011546333320438862,0.09574884176254272,asse
ĠTee,-1.3078975677490234,-0.7910919189453125,2.4964046478271484,ĠK
.,-1.1235218048095703,-1.1235218048095703,1.8806989192962646,.
ĠIch,-2.1061501502990723,-2.1061501502990723,4.5044755935668945,ĠIch
Ġbin,-2.756286382675171,-2.0787551403045654,4.167651653289795,Ġtr
Ġjemand,-4.80306339263916,-1.4838074445724487,4.341977119445801,Ġein
",",-0.020526017993688583,-0.020526017993688583,0.1512652337551117,","
Ġder,-0.04118077829480171,-0.04118077829480171,0.3011043667793274,Ġder
Ġviel,-3.925135612487793,-2.402862548828125,4.592408180236816,Ġsich
ĠWert,-2.612847328186035,-0.883796751499176,3.2623162269592285,ĠTee
Ġauf,-0.24739430844783783,-0.24739430844783783,0.6694673299789429,Ġauf
Ġeine,-2.063009023666382,-2.0400922298431396,3.98272705078125,Ġseine
Ġruh,-4.776254177093506,-1.0931315422058105,2.5675151348114014,Ġges
ige,-0.007464849390089512,-0.007464849390089512,0.05659700557589531,ige
ĠM,-3.07611083984375,-0.9719057679176331,2.727923631668091,Ġund
orgen,-0.0056471810676157475,-0.0056471810676157475,0.05132018029689789,orgen
routine,-0.1988440454006195,-0.1988440454006195,0.778393030166626,routine
Ġleg,-0.1259198635816574,-0.1259198635816574,0.6596002578735352,Ġleg
t,-0.0011156531982123852,-0.0011156531982123852,0.009961234405636787,t
.,-0.5246598720550537,-0.5246598720550537,1.1988980770111084,.
ĠEs,-4.3492512702941895,-1.8294910192489624,4.215832710266113,ĠIch
Ġist,-0.9490359425544739,-0.9490359425544739,2.9110617637634277,Ġist
ĠfÃ¼r,-2.4720821380615234,-1.7364253997802734,3.84617280960083,Ġmir
Ġmich,-0.010746818035840988,-0.010746818035840988,0.09816552698612213,Ġmich
Ġsehr,-1.9560199975967407,-1.9560199975967407,3.678661823272705,Ġsehr
Ġwichtig,-0.16135485470294952,-0.16135485470294952,0.8704617023468018,Ġwichtig
",",-0.05298915132880211,-0.05298915132880211,0.4094564914703369,","
Ġdass,-1.2245378494262695,-1.2245378494262695,3.1931610107421875,Ġdass
Ġder,-2.8726954460144043,-0.18112899363040924,0.9501248598098755,Ġich
ĠStart,-4.498077869415283,-0.10594811290502548,0.6085473299026489,ĠTag
Ġin,-0.031574733555316925,-0.031574733555316925,0.24448055028915405,Ġin
Ġden,-0.046299632638692856,-0.046299632638692856,0.28299680352211,Ġden
ĠTag,-0.06726868450641632,-0.06726868450641632,0.36569422483444214,ĠTag
Ġents,-1.6342604160308838,-1.6342604160308838,3.3780055046081543,Ġents
pan,-0.004256831482052803,-0.004256831482052803,0.029650870710611343,pan
nt,-0.21607257425785065,-0.21607257425785065,0.5044155120849609,nt
Ġund,-1.229505181312561,-1.229505181312561,2.0096051692962646,Ġund
Ġnicht,-3.888812303543091,-1.749664545059204,3.732741355895996,Ġruh
Ġhe,-0.614498496055603,-0.614498496055603,2.0284271240234375,Ġhe
kt,-0.0002673506969586015,-0.0002673506969586015,0.003296155482530594,kt
isch,-0.0013546108966693282,-0.0013546108966693282,0.013691856525838375,isch
Ġist,-1.2329703569412231,-1.2329703569412231,2.1645824909210205,Ġist
.,-0.18022887408733368,-0.18022887408733368,0.7178096175193787,.
ĠO,-6.2100701332092285,-1.8255953788757324,3.9672396183013916,ĠIch
ft,-0.1346595138311386,-0.1346595138311386,0.4808219373226166,ft
Ġle,-3.0316081047058105,-1.605848789215088,3.907075881958008,m
se,-0.5354962944984436,-0.5354962944984436,0.8609569668769836,se
Ġich,-0.00809590145945549,-0.00809590145945549,0.07693028450012207,Ġich
Ġauch,-2.208071231842041,-1.9836384057998657,3.628943920135498,Ġin
Ġein,-2.989903450012207,-1.115651249885559,2.9028477668762207,Ġschon
Ġpaar,-0.9181900024414062,-0.9181900024414062,1.7013798952102661,Ġpaar
ĠSeiten,-0.2501481771469116,-0.2501481771469116,1.143468976020813,ĠSeiten
Ġin,-0.3680913746356964,-0.3680913746356964,1.2605756521224976,Ġin
Ġeinem,-0.3862590789794922,-0.3862590789794922,1.0226075649261475,Ġeinem
ĠBuch,-0.37540197372436523,-0.37540197372436523,1.2915700674057007,ĠBuch
",",-0.9331003427505493,-0.9331003427505493,1.5180498361587524,","
Ġdas,-2.572929859161377,-1.1204571723937988,3.426262378692627,Ġbevor
Ġich,-0.6248444318771362,-0.6248444318771362,1.6293607950210571,Ġich
Ġgerade,-0.23171618580818176,-0.23171618580818176,1.2578771114349365,Ġgerade
Ġle,-0.04348727688193321,-0.04348727688193321,0.35721254348754883,Ġle
se,-0.0008918836829252541,-0.0008918836829252541,0.008260888047516346,se
.,-0.6460410952568054,-0.6460410952568054,1.3785121440887451,.
ĠDan,-3.631232500076294,-2.314488649368286,4.170296669006348,ĠUnd
ach,-0.0030509138014167547,-0.0030509138014167547,0.02309338003396988,ach
Ġge,-2.7303295135498047,-1.9483108520507812,3.940920829772949,Ġm
he,-0.05476437881588936,-0.05476437881588936,0.21000033617019653,he
Ġich,-0.006721861660480499,-0.006721861660480499,0.0701911598443985,Ġich
Ġme,-1.9595489501953125,-1.8947649002075195,3.560518264770508,Ġdann
ist,-0.0013865152141079307,-0.0013865152141079307,0.014074636623263359,ist
ens,-0.1729375571012497,-0.1729375571012497,1.0332345962524414,ens
Ġzur,-3.6758272647857666,-1.754913568496704,3.5520033836364746,Ġnoch
ĠArbeit,-0.545607328414917,-0.545607328414917,2.3495709896087646,ĠArbeit
",",-1.6764843463897705,-0.9843418002128601,1.819951057434082,.
Ġent,-5.60907506942749,-2.1007447242736816,4.012590408325195,Ġwo
w,-0.0077574183233082294,-0.0077574183233082294,0.0720800906419754,w
eder,-0.000583597575314343,-0.000583597575314343,0.006443288642913103,eder
Ġins,-1.048771619796753,-1.048771619796753,2.5839810371398926,Ġins
ĠBÃ¼,-0.18337485194206238,-0.18337485194206238,1.146691918373108,ĠBÃ¼
ro,-0.0008076743106357753,-0.0008076743106357753,0.009997649118304253,ro
Ġoder,-0.07100054621696472,-0.07100054621696472,0.3951042890548706,Ġoder
Ġarbe,-4.935634136199951,-1.3650031089782715,3.05812931060791,Ġins
ite,-9.595887240720913e-05,-9.595887240720913e-05,0.00128997303545475,ite
Ġvon,-0.22148297727108002,-0.22148297727108002,1.162970781326294,Ġvon
Ġzu,-0.2056082785129547,-0.2056082785129547,0.6045278310775757,Ġzu
ĠH,-0.2299114316701889,-0.2299114316701889,0.5462956428527832,ĠH
ause,-2.3603161025675945e-05,-2.3603161025675945e-05,0.0003881686134263873,ause
Ġaus,-0.10530059039592743,-0.10530059039592743,0.46321791410446167,Ġaus
.,-0.23249632120132446,-0.23249632120132446,0.9130051136016846,.
ĠMein,-4.130401611328125,-2.2491722106933594,4.2920942306518555,ĠIch
ĠJob,-2.4070053100585938,-2.0679283142089844,3.946786403656006,ĠArbeit
Ġist,-0.7367015480995178,-0.7367015480995178,2.142509937286377,Ġist
Ġsehr,-0.9467941522598267,-0.9467941522598267,3.244752883911133,Ġsehr
Ġab,-0.9763888716697693,-0.9763888716697693,2.4655418395996094,Ġab
we,-0.00034898388548754156,-0.00034898388548754156,0.004086486995220184,we
ch,-0.0027178514283150434,-0.0027178514283150434,0.021307071670889854,ch
sl,-0.001191501971334219,-0.001191501971334219,0.011296727694571018,sl
ungs,-0.000685576000250876,-0.000685576000250876,0.006397094111889601,ungs
reich,-0.005816202145069838,-0.005816202145069838,0.043092451989650726,reich
",",-1.281769037246704,-1.0634748935699463,1.3151483535766602,Ġund
Ġund,-3.6219558715820312,-1.2552977800369263,2.749781847000122,Ġich
Ġes,-2.678116798400879,-0.6400002241134644,2.3055014610290527,Ġich
Ġgef,-3.501380681991577,-0.778819739818573,1.8406662940979004,Ġmacht
Ã¤llt,-0.002057222882285714,-0.002057222882285714,0.019627001136541367,Ã¤llt
Ġmir,-0.008571619167923927,-0.008571619167923927,0.07923927903175354,Ġmir
",",-1.0079960823059082,-1.0079960823059082,2.2678308486938477,","
Ġimmer,-3.6237213611602783,-1.213233232498169,3.563640594482422,Ġdass
Ġneue,-2.030594825744629,-0.5617305040359497,1.9133464097976685,Ġwieder
ĠHera,-2.891171932220459,-1.3537460565567017,2.974090099334717,ĠD
us,-3.576214658096433e-05,-3.576214658096433e-05,0.00046470784582197666,us
forder,-0.0007183355046436191,-0.0007183355046436191,0.008035412058234215,forder
ungen,-0.0027422227431088686,-0.0027422227431088686,0.02085605449974537,ungen
Ġzu,-0.21957990527153015,-0.21957990527153015,1.0976617336273193,Ġzu
Ġhaben,-1.4586652517318726,-1.3043874502182007,2.1669349670410156,Ġme
.,-0.3032706379890442,-0.3032706379890442,1.0686962604522705,.
ĠAm,-3.5336451530456543,-1.618004322052002,4.05979061126709,ĠIch
ĠNach,-1.4739508628845215,-1.4701323509216309,2.72186017036438,ĠAb
mitt,-0.0023831319995224476,-0.0023831319995224476,0.023424461483955383,mitt
ag,-0.003455502912402153,-0.003455502912402153,0.03034214675426483,ag
Ġge,-2.101823568344116,-2.101823568344116,4.315305709838867,Ġge
he,-0.017880206927657127,-0.017880206927657127,0.09367541968822479,he
Ġich,-0.005764645524322987,-0.005764645524322987,0.06013038754463196,Ġich
Ġoft,-2.263221502304077,-1.459684133529663,3.3984599113464355,Ġme
Ġsp,-2.5338196754455566,-1.5089460611343384,3.3334336280822754,Ġmit
az,-0.0007887351675890386,-0.0007887351675890386,0.007892866618931293,az
ieren,-0.0006713996990583837,-0.0006713996990583837,0.005870647728443146,ieren
Ġoder,-1.0877130031585693,-0.8595331311225891,1.3873271942138672,","
Ġtre,-1.7054210901260376,-1.7054210901260376,3.7997140884399414,Ġtre
ffe,-0.0902310386300087,-0.0902310386300087,0.29801619052886963,ffe
Ġmich,-0.2732023000717163,-0.2732023000717163,0.9428973197937012,Ġmich
Ġmit,-0.04878818988800049,-0.04878818988800049,0.36893975734710693,Ġmit
ĠFre,-0.29495325684547424,-0.29495325684547424,1.2667449712753296,ĠFre
unden,-0.001177690108306706,-0.001177690108306706,0.011258297599852085,unden
.,-0.6459301114082336,-0.6459301114082336,1.8219274282455444,.
ĠEin,-4.4046196937561035,-2.210999011993408,4.000298976898193,ĠIch
Ġg,-5.394528388977051,-0.4780423939228058,2.2048563957214355,mal
utes,-0.019373362883925438,-0.019373362883925438,0.129510760307312,utes
ĠGes,-2.3461976051330566,-1.852277398109436,3.480687141418457,ĠBuch
pr,-0.00600806437432766,-0.00600806437432766,0.04893984645605087,pr
Ã¤ch,-0.0005131834768690169,-0.0005131834768690169,0.005406996700912714,Ã¤ch
Ġoder,-3.2185442447662354,-1.106924295425415,2.9864656925201416,Ġmit
Ġeine,-1.424734354019165,-0.9120018482208252,2.5706300735473633,Ġein
Ġkleine,-4.652427673339844,-1.2018824815750122,3.5372142791748047,Ġgute
ĠWander,-2.9170336723327637,-0.9386202096939087,3.308202028274536,ĠUnter
ung,-0.0010494445450603962,-0.0010494445450603962,0.01072754617780447,ung
Ġin,-3.4809606075286865,-1.2329862117767334,3.414987087249756,Ġents
Ġder,-0.21086159348487854,-0.21086159348487854,1.1354671716690063,Ġder
ĠNatur,-0.2983283996582031,-0.2983283996582031,1.4292066097259521,ĠNatur
Ġtut,-3.9352285861968994,-1.5936939716339111,3.4969587326049805,Ġents
Ġmir,-0.4251539409160614,-0.4251539409160614,1.8351526260375977,Ġmir
Ġimmer,-1.1886035203933716,-1.1886035203933716,2.5573203563690186,Ġimmer
Ġsehr,-1.5808870792388916,-0.2921278774738312,0.8308669328689575,Ġgut
Ġgut,-0.005478724371641874,-0.005478724371641874,0.044583361595869064,Ġgut
.,-0.3334614038467407,-0.3334614038467407,1.1662780046463013,.
ĠAm,-2.7783234119415283,-2.233164072036743,3.999659776687622,ĠAb
ĠAb,-0.2976003587245941,-0.2976003587245941,1.1186752319335938,ĠAb
end,-0.00012003655137959868,-0.00012003655137959868,0.0016412684926763177,end
Ġko,-1.4695006608963013,-1.4695006608963013,3.739903211593628,Ġko
che,-0.0001045410826918669,-0.0001045410826918669,0.0014704614877700806,che
Ġich,-0.03656440228223801,-0.03656440228223801,0.2005387544631958,Ġich
Ġgerne,-1.6485003232955933,-1.6485003232955933,2.7809624671936035,Ġgerne
Ġetwas,-3.1802291870117188,-1.2761479616165161,2.3246634006500244,","
ĠLe,-0.9294945597648621,-0.9294945597648621,2.3967947959899902,ĠLe
ck,-0.008336862549185753,-0.008336862549185753,0.05418774113059044,ck
eres,-0.05469970777630806,-0.05469970777630806,0.21507064998149872,eres
Ġund,-1.61863374710083,-1.3136467933654785,1.7683181762695312,Ġoder
Ġents,-3.8740861415863037,-2.319044828414917,4.13005256652832,Ġgenie
pan,-0.000945121340919286,-0.000945121340919286,0.008784845471382141,pan
ne,-0.005193670280277729,-0.005193670280277729,0.03903926908969879,ne
Ġmich,-0.74898761510849,-0.74898761510849,1.9246172904968262,Ġmich
Ġbeim,-3.1340785026550293,-1.2892173528671265,2.383340835571289,Ġdann
ĠFern,-0.7645773887634277,-0.7645773887634277,2.092825412750244,ĠFern
sehen,-0.03782380744814873,-0.03782380744814873,0.16339564323425293,sehen
Ġoder,-1.031084656715393,-1.0256296396255493,1.8477318286895752,.
ĠhÃ¶,-5.84898567199707,-1.8144433498382568,2.963940143585205,Ġbeim
re,-0.002732474124059081,-0.002732474124059081,0.021329620853066444,re
ĠMusik,-0.6155135035514832,-0.6155135035514832,2.5815868377685547,ĠMusik
.,-0.4593591094017029,-0.4593591094017029,1.476027011871338,.

New Section
token,logprob_actual,logprob_max,entropy,most_likely_token
B,-3.546454429626465,-1.8125848770141602,4.67125940322876,1
:,-11.321185111999512,-1.411238670349121,2.981560707092285,und
ĠIch,-8.247481346130371,-2.3628158569335938,6.873802185058594,Ġ
Ġer,-4.134116172790527,-1.9568653106689453,4.145239353179932,Ġhabe
inn,-0.788524329662323,-0.788524329662323,1.9834990501403809,inn
ere,-0.006604865193367004,-0.006604865193367004,0.046215105801820755,ere
Ġmich,-0.2309674173593521,-0.2309674173593521,1.296844244003296,Ġmich
Ġan,-1.4397480487823486,-1.4397480487823486,2.9270381927490234,Ġan
Ġeine,-2.4803245067596436,-2.0685079097747803,4.081140518188477,Ġdie
ĠZeit,-3.5971391201019287,-2.864457845687866,6.045550346374512,ĠSituation
",",-0.35741594433784485,-0.35741594433784485,1.6345183849334717,","
Ġals,-1.5052461624145508,-0.8431615233421326,1.9432690143585205,Ġin
Ġich,-0.712641179561615,-0.712641179561615,2.7788283824920654,Ġich
Ġmit,-3.4291529655456543,-1.6625370979309082,4.629897594451904,Ġnoch
Ġmeiner,-1.9187769889831543,-1.9187769889831543,4.329804420471191,Ġmeiner
ĠFamilie,-1.9180704355239868,-1.2344690561294556,3.507601737976074,ĠM
Ġin,-1.2069895267486572,-1.2069895267486572,3.7486042976379395,Ġin
Ġeinem,-1.3260704278945923,-1.3260704278945923,4.1921210289001465,Ġeinem
Ġkleinen,-1.594862937927246,-1.594862937927246,4.419551372528076,Ġkleinen
ĠDor,-0.636421799659729,-0.636421799659729,2.5425095558166504,ĠDor
f,-0.001408419106155634,-0.001408419106155634,0.015611743554472923,f
Ġauf,-3.2668516635894775,-1.2287867069244385,2.4076499938964844,Ġin
Ġeinem,-3.1908507347106934,-1.0142797231674194,1.7820963859558105,w
ĠBerg,-2.5526466369628906,-1.6289006471633911,3.902390480041504,ĠH
Ġwar,-6.561320781707764,-0.6272560954093933,1.968993902206421,Ġle
.,-0.6132802963256836,-0.6132802963256836,1.3527456521987915,.
ĠEs,-1.524554967880249,-1.524554967880249,2.8861727714538574,ĠEs
Ġwar,-0.42853230237960815,-0.42853230237960815,1.2296888828277588,Ġwar
Ġein,-1.4675387144088745,-1.4046686887741089,3.269967555999756,Ġeine
ĠWinter,-6.795585632324219,-1.6059101819992065,3.3991918563842773,ĠschÃ¶
wo,-5.166294574737549,-0.8219418525695801,2.124661445617676,","
chen,-0.04157492145895958,-0.04157492145895958,0.19336333870887756,chen
ende,-0.002347097033634782,-0.002347097033634782,0.02377094142138958,ende
",",-0.8337848782539368,-0.8337848782539368,1.4720226526260376,","
Ġund,-0.309722363948822,-0.309722363948822,1.4915134906768799,Ġund
Ġwir,-0.8679842948913574,-0.8679842948913574,2.048825263977051,Ġwir
Ġhatten,-1.4677314758300781,-0.5947360396385193,1.806809902191162,Ġwaren
Ġviel,-2.9661810398101807,-2.4377901554107666,4.047366619110107,Ġeine
ĠSch,-0.8152748346328735,-0.8152748346328735,1.5392744541168213,ĠSch
nee,-0.005033439956605434,-0.005033439956605434,0.03691007196903229,nee
.,-0.40041738748550415,-0.40041738748550415,1.2422490119934082,.
ĠAn,-4.60563325881958,-1.2521729469299316,2.373361825942993,ĠWir
Ġdiesem,-0.37034666538238525,-0.37034666538238525,1.1658118963241577,Ġdiesem
ĠTag,-1.665578842163086,-0.5867385268211365,1.4446122646331787,ĠWochen
Ġsind,-6.306292533874512,-1.7234344482421875,3.1242141723632812,Ġwaren
Ġwir,-0.213680237531662,-0.213680237531662,0.9132617712020874,Ġwir
Ġalle,-3.1556339263916016,-1.4023160934448242,2.825272560119629,Ġmit
Ġzusammen,-0.8979707360267639,-0.8979707360267639,2.5451784133911133,Ġzusammen
Ġmit,-2.8379693031311035,-1.5423483848571777,2.9603190422058105,Ġin
ĠSchl,-3.4474384784698486,-1.5940144062042236,2.726820468902588,Ġunseren
itten,-0.016464559361338615,-0.016464559361338615,0.08487758040428162,itten
Ġden,-4.454479694366455,-0.7677311897277832,2.4960453510284424,Ġund
ĠHang,-3.730440616607666,-0.08047906309366226,0.4493367075920105,ĠBerg
Ġhin,-0.27209991216659546,-0.27209991216659546,0.9500546455383301,Ġhin
unter,-0.03159090504050255,-0.03159090504050255,0.15501093864440918,unter
ge,-0.39602357149124146,-0.39602357149124146,1.1932916641235352,ge
fahren,-0.04642334207892418,-0.04642334207892418,0.23609226942062378,fahren
.,-0.2764987349510193,-0.2764987349510193,0.7981687784194946,.
ĠEs,-1.3283334970474243,-1.3283334970474243,2.7535054683685303,ĠEs
Ġwar,-0.17148849368095398,-0.17148849368095398,0.776155412197113,Ġwar
Ġeine,-1.5470775365829468,-0.8311313390731812,1.9125021696090698,Ġein
Ġsehr,-2.3905138969421387,-1.4656959772109985,2.623350143432617,Ġw
Ġlust,-1.6223058700561523,-0.6252908706665039,2.008012294769287,ĠschÃ¶ne
ige,-0.0009458358981646597,-0.0009458358981646597,0.009899787604808807,ige
ĠErf,-3.4156699180603027,-0.4491782784461975,1.2900989055633545,Ġund
ahrung,-0.0014234182890504599,-0.0014234182890504599,0.012738075107336044,ahrung
",",-0.9439536929130554,-0.7854110598564148,1.267587661743164,.
Ġweil,-5.0431647300720215,-0.21879230439662933,0.9541469812393188,Ġund
Ġwir,-0.5918586850166321,-0.5918586850166321,1.7120777368545532,Ġwir
Ġalle,-0.761055052280426,-0.761055052280426,2.0301156044006348,Ġalle
Ġwie,-7.314995288848877,-0.3823782801628113,1.6614649295806885,Ġzusammen
ĠKinder,-2.003110647201538,-1.5512588024139404,3.3431613445281982,Ġverr
Ġwaren,-0.5995718240737915,-0.5995718240737915,2.7380032539367676,Ġwaren
",",-1.7875677347183228,-0.43394145369529724,1.0113404989242554,Ġund
Ġtrotz,-6.425917625427246,-0.777572751045227,2.0146820545196533,Ġdie
Ġdes,-2.139586925506592,-0.9728959798812866,1.8412127494812012,Ġunserer
ĠAl,-0.7183718085289001,-0.7183718085289001,2.734102249145508,ĠAl
ters,-0.0005211663665249944,-0.0005211663665249944,0.00541738560423255,ters
.,-4.436585426330566,-0.04904065281152725,0.30794769525527954,unt
ĠAber,-3.194347381591797,-1.4154301881790161,3.020458698272705,ĠWir
Ġwas,-4.040735244750977,-1.797794222831726,3.4263124465942383,Ġes
Ġmir,-2.0950541496276855,-1.2154316902160645,2.5113048553466797,Ġmich
Ġwirklich,-2.3200550079345703,-1.6788560152053833,3.119013786315918,Ġam
Ġin,-1.9815800189971924,-1.9815800189971924,3.5923681259155273,Ġin
ĠEr,-0.1075349673628807,-0.1075349673628807,0.5481633543968201,ĠEr
inner,-0.0004032037395518273,-0.0004032037395518273,0.003769048023968935,inner
ung,-0.0007387054502032697,-0.0007387054502032697,0.006274503655731678,ung
Ġge,-0.0905221477150917,-0.0905221477150917,0.425528883934021,Ġge
bl,-0.0009196343016810715,-0.0009196343016810715,0.008918576873838902,bl
ie,-2.9802276912960224e-06,-2.9802276912960224e-06,5.0393275159876794e-05,ie
ben,-0.00020740265608765185,-0.00020740265608765185,0.0025347364135086536,ben
Ġist,-0.007099520415067673,-0.007099520415067673,0.04970993101596832,Ġist
",",-0.019177967682480812,-0.019177967682480812,0.14667552709579468,","
Ġwar,-0.5253311395645142,-0.5253311395645142,1.3221254348754883,Ġwar
",",-0.8694701790809631,-0.8694701790809631,1.8829345703125,","
Ġdass,-0.7878854274749756,-0.7878854274749756,1.1499764919281006,Ġdass
Ġich,-1.148902416229248,-1.0961260795593262,2.270162582397461,Ġwir
Ġmich,-1.812949538230896,-1.812949538230896,4.085632801055908,Ġmich
Ġnach,-3.5633363723754883,-2.236393928527832,4.206432342529297,Ġan
Ġdiesem,-1.6380915641784668,-0.8909431099891663,2.1117753982543945,Ġdem
ĠTag,-0.6987610459327698,-0.6987610459327698,2.414328098297119,ĠTag
Ġviel,-4.387519836425781,-1.7585108280181885,3.9505157470703125,Ġsehr
ĠnÃ¤,-3.6078102588653564,-0.9471666812896729,3.1158876419067383,Ġbesser
her,-0.00035744477645494044,-0.00035744477645494044,0.004463554359972477,her
Ġmit,-1.688739538192749,-1.228769063949585,2.133087635040283,Ġzu
Ġmeiner,-0.4424937665462494,-0.4424937665462494,1.2595653533935547,Ġmeiner
ĠFamilie,-0.22556248307228088,-0.22556248307228088,0.869789183139801,ĠFamilie
Ġverb,-0.10226835310459137,-0.10226835310459137,0.48502832651138306,Ġverb
unden,-0.00015364897262770683,-0.00015364897262770683,0.001654302584938705,unden
Ġf,-0.5538203716278076,-0.5538203716278076,0.832520604133606,Ġf
Ã¼hl,-0.0007139279623515904,-0.0007139279623515904,0.006931610405445099,Ã¼hl
te,-0.0001411338453181088,-0.0001411338453181088,0.001765633700415492,te
.,-0.7100668549537659,-0.7100668549537659,1.4802045822143555,.
ĠEs,-1.4560952186584473,-1.15189790725708,2.857762336730957,ĠIch
Ġwar,-0.3178895115852356,-0.3178895115852356,1.2703356742858887,Ġwar
Ġein,-1.9649921655654907,-0.7834259271621704,2.1191906929016113,","
ĠMoment,-2.335177183151245,-1.7260892391204834,3.693235397338867,ĠTag
",",-0.6165041327476501,-0.6165041327476501,1.4786274433135986,","
Ġin,-0.36971530318260193,-0.36971530318260193,1.170151710510254,Ġin
Ġdem,-0.0027707540430128574,-0.0027707540430128574,0.023705843836069107,Ġdem
Ġwir,-0.9242668151855469,-0.8902168273925781,1.5871750116348267,Ġich
Ġuns,-1.9198870658874512,-0.4074797034263611,1.5119097232818604,Ġalle
Ġalle,-0.5845398902893066,-0.5845398902893066,2.0869975090026855,Ġalle
ĠunterstÃ¼t,-6.4723358154296875,-1.644547462463379,3.6492817401885986,Ġgeg
zt,-0.6518114805221558,-0.6518114805221558,0.9343509078025818,zt
Ġund,-0.6669204235076904,-0.6669204235076904,1.0428458452224731,Ġund
Ġgemeins,-4.483964443206787,-1.084155559539795,3.210848331451416,Ġgel
am,-0.011382403783500195,-0.011382403783500195,0.072363942861557,am
Ġgel,-2.520728588104248,-2.3353829383850098,4.5054931640625,Ġgef
acht,-2.877596378326416,-0.08906596153974533,0.40205395221710205,ie
Ġhaben,-0.20069409906864166,-0.20069409906864166,0.6686733961105347,Ġhaben
",",-1.2604479789733887,-0.6929907202720642,1.5574111938476562,.
Ġwas,-2.992318630218506,-1.532758355140686,3.759830951690674,Ġund
Ġdam,-7.282506465911865,-1.9642243385314941,4.052119255065918,Ġwir
als,-0.00035529976594261825,-0.00035529976594261825,0.0038440818898379803,als
Ġsehr,-2.578878879547119,-1.6391531229019165,3.8826794624328613,Ġnicht
Ġwichtig,-1.1246417760849,-1.0475276708602905,2.4147536754608154,Ġsel
ĠfÃ¼r,-0.9940410256385803,-0.5273242592811584,0.8842777013778687,Ġwar
Ġmich,-0.3778505325317383,-0.3778505325317383,1.098907470703125,Ġmich
Ġwar,-0.05934172496199608,-0.05934172496199608,0.32778704166412354,Ġwar
.,-0.6183351278305054,-0.6183351278305054,1.5344343185424805,.
ĠDiese,-4.692019462585449,-1.612635850906372,4.029080390930176,ĠIch
ĠMom,-2.858989953994751,-1.703721284866333,4.326833724975586,ĠErf
ente,-7.64102369430475e-05,-7.64102369430475e-05,0.0010401667095720768,ente
Ġmit,-3.6820318698883057,-1.908743143081665,4.058403968811035,Ġsind
Ġder,-1.7562227249145508,-0.6732301115989685,2.121943473815918,Ġmeiner
ĠFamilie,-0.056933268904685974,-0.056933268904685974,0.4360557794570923,ĠFamilie
Ġsind,-1.5180073976516724,-1.5180073976516724,3.6496520042419434,Ġsind
ĠfÃ¼r,-2.7278895378112793,-1.7939486503601074,3.986790657043457,Ġes
Ġmich,-0.15951323509216309,-0.15951323509216309,0.846137523651123,Ġmich
Ġun,-3.4431824684143066,-2.6114211082458496,4.207180500030518,Ġdie
ers,-1.7576179504394531,-0.3924313187599182,1.2528680562973022,ver
etz,-0.002385153668001294,-0.002385153668001294,0.020698053762316704,etz
lich,-0.36790233850479126,-0.36790233850479126,0.7252514362335205,lich
.,-1.4625325202941895,-1.4625325202941895,2.1016645431518555,.

New Section
token,logprob_actual,logprob_max,entropy,most_likely_token
B,-3.546454429626465,-1.8125848770141602,4.67125940322876,1
:,-11.321185111999512,-1.411238670349121,2.981560707092285,und
ĠIn,-5.750491619110107,-2.3628158569335938,6.873802185058594,Ġ
Ġletz,-7.749871253967285,-1.833547592163086,4.962830066680908,Ġder
ter,-0.010977472178637981,-0.010977472178637981,0.08118238300085068,ter
ĠZeit,-0.151614710688591,-0.151614710688591,0.7992548942565918,ĠZeit
Ġhabe,-2.977145195007324,-2.2181529998779297,4.439614772796631,ĠhÃ¤
Ġich,-0.06884785741567612,-0.06884785741567612,0.49785998463630676,Ġich
Ġmich,-1.9516432285308838,-1.9516432285308838,4.586838245391846,Ġmich
Ġmehr,-3.239175319671631,-2.188316822052002,4.340373992919922,Ġimmer
Ġmit,-1.7233006954193115,-1.2421634197235107,2.7402701377868652,Ġund
Ġmeiner,-3.0135040283203125,-1.7534676790237427,4.8088531494140625,Ġdem
Ġmental,-7.878905773162842,-2.2910962104797363,4.9124836921691895,ĠArbeit
en,-0.008907463401556015,-0.008907463401556015,0.08919394016265869,en
ĠGes,-1.2780355215072632,-1.2780355215072632,3.2520623207092285,ĠGes
und,-0.0019891730044037104,-0.0019891730044037104,0.020305687561631203,und
heit,-0.0048442380502820015,-0.0048442380502820015,0.03907211497426033,heit
Ġbesch,-0.7651318311691284,-0.7651318311691284,1.735292673110962,Ġbesch
Ã¤ft,-0.01395292580127716,-0.01395292580127716,0.10732898116111755,Ã¤ft
igt,-0.005722568370401859,-0.005722568370401859,0.04460761696100235,igt
.,-1.2588703632354736,-1.2588703632354736,1.779558777809143,.
ĠIch,-0.8331651091575623,-0.8331651091575623,3.4859890937805176,ĠIch
ĠwÃ¼rde,-5.000356197357178,-0.9537636041641235,3.049469470977783,Ġhabe
Ġsagen,-1.5014863014221191,-1.0067687034606934,2.6873083114624023,Ġgerne
",",-0.03870588168501854,-0.03870588168501854,0.33308300375938416,","
Ġdass,-0.6354057788848877,-0.6354057788848877,1.7950925827026367,Ġdass
Ġich,-0.41011640429496765,-0.41011640429496765,1.7619678974151611,Ġich
Ġin,-2.7047786712646484,-2.4908676147460938,4.709568977355957,Ġmich
Ġeiner,-2.9435157775878906,-1.2368801832199097,2.951505422592163,Ġden
Ġstabil,-5.812605857849121,-2.3345754146575928,4.723480701446533,ĠDepression
en,-0.005192721728235483,-0.005192721728235483,0.04677475988864899,en
Ġpsych,-1.6655352115631104,-1.6655352115631104,3.6089582443237305,Ġpsych
ischen,-0.023453092202544212,-0.023453092202544212,0.1476043462753296,ischen
ĠVer,-0.11053667962551117,-0.11053667962551117,0.5963276624679565,ĠVer
f,-0.0014447261346504092,-0.0014447261346504092,0.01356444414705038,f
ass,-7.986990567587782e-06,-7.986990567587782e-06,0.0001275513495784253,ass
ung,-0.00023922442051116377,-0.00023922442051116377,0.002746475860476494,ung
Ġbin,-0.057069070637226105,-0.057069070637226105,0.41495978832244873,Ġbin
",",-1.0375010967254639,-0.8431460857391357,1.4172512292861938,.
Ġaber,-1.1222736835479736,-1.1222736835479736,3.3031110763549805,Ġaber
Ġes,-2.0266947746276855,-0.7441335916519165,2.7677276134490967,Ġich
Ġgibt,-0.5158094167709351,-0.5158094167709351,1.8664839267730713,Ġgibt
ĠMom,-3.7141077518463135,-1.063783884048462,3.071192979812622,Ġimmer
ente,-9.190614218823612e-05,-9.190614218823612e-05,0.0013965941034257412,ente
",",-0.12111280113458633,-0.12111280113458633,0.6152940988540649,","
Ġin,-0.0316309817135334,-0.0316309817135334,0.21937616169452667,Ġin
Ġdenen,-0.0016664678696542978,-0.0016664678696542978,0.017733896151185036,Ġdenen
Ġich,-0.18869009613990784,-0.18869009613990784,0.9728356599807739,Ġich
Ġmich,-1.139228343963623,-1.139228343963623,3.9537134170532227,Ġmich
ĠÃ¼ber,-3.6828455924987793,-2.3537373542785645,4.400351047515869,Ġschle
ford,-0.7352341413497925,-0.7352341413497925,1.4801945686340332,ford
ert,-0.1220778375864029,-0.1220778375864029,0.3816125988960266,ert
ĠfÃ¼h,-0.2867656946182251,-0.2867656946182251,0.8520727157592773,ĠfÃ¼h
le,-0.005635801237076521,-0.005635801237076521,0.03708890080451965,le
.,-0.7394477128982544,-0.7394477128982544,1.5778908729553223,.
ĠGer,-7.049873352050781,-0.9466895461082458,3.4803361892700195,ĠIch
ade,-0.046209488064050674,-0.046209488064050674,0.23570673167705536,ade
Ġin,-1.5080348253250122,-1.5080348253250122,3.5341873168945312,Ġin
Ġstress,-3.3013317584991455,-1.5974876880645752,3.26590895652771,Ġder
igen,-0.023082375526428223,-0.023082375526428223,0.1517203450202942,igen
ĠPh,-1.1127448081970215,-1.0697226524353027,1.579696774482727,ĠZe
as,-0.00037579628406092525,-0.00037579628406092525,0.004531313665211201,as
en,-6.925819616299123e-05,-6.925819616299123e-05,0.0009982979390770197,en
Ġmer,-3.751572608947754,-2.0255422592163086,4.320132255554199,","
ke,-0.007175390142947435,-0.007175390142947435,0.049822546541690826,ke
Ġich,-0.0016831292305141687,-0.0016831292305141687,0.01905779168009758,Ġich
",",-0.21238528192043304,-0.21238528192043304,1.226688265800476,","
Ġdass,-0.28745150566101074,-0.28745150566101074,0.6575765013694763,Ġdass
Ġes,-2.6828420162200928,-0.3509233593940735,1.43385648727417,Ġich
Ġschw,-3.653569221496582,-0.6138743758201599,2.6293163299560547,Ġmir
ier,-0.0009515525307506323,-0.0009515525307506323,0.009970312006771564,ier
iger,-1.7272976636886597,-0.1967686116695404,0.47581231594085693,ig
ĠfÃ¼r,-1.4768695831298828,-0.742576539516449,1.181894302368164,Ġwird
Ġmich,-0.003594843437895179,-0.003594843437895179,0.03655926138162613,Ġmich
Ġist,-0.25885331630706787,-0.25885331630706787,0.673699140548706,Ġist
",",-0.07576540112495422,-0.07576540112495422,0.5630371570587158,","
Ġden,-3.877751350402832,-1.7232409715652466,4.107531547546387,Ġmich
ĠKop,-2.7766547203063965,-1.212294101715088,3.713820457458496,ĠÃľber
f,-0.0008506731828674674,-0.0008506731828674674,0.009729059413075447,f
Ġklar,-3.9742350578308105,-0.8753372430801392,2.359318256378174,Ġaus
Ġzu,-0.06321928650140762,-0.06321928650140762,0.3260021209716797,Ġzu
Ġbeh,-1.9661198854446411,-1.0142251253128052,1.5571362972259521,Ġhalten
alten,-8.34430247778073e-05,-8.34430247778073e-05,0.001158769242465496,alten
.,-0.5586451292037964,-0.5586451292037964,1.4242268800735474,.
ĠAber,-3.669705867767334,-1.186699390411377,3.8346776962280273,ĠIch
Ġich,-0.7509585618972778,-0.7509585618972778,2.915156841278076,Ġich
Ġvers,-2.9346370697021484,-1.741933822631836,3.382376194000244,Ġhabe
uche,-0.004589737392961979,-0.004589737392961979,0.03860536217689514,uche
",",-0.9828200936317444,-0.9828200936317444,2.951843738555908,","
Ġmir,-2.100152015686035,-1.4748276472091675,3.7958102226257324,Ġmich
ĠHilfe,-3.778317451477051,-1.9702874422073364,3.956310510635376,ĠZeit
Ġzu,-0.09882696717977524,-0.09882696717977524,0.5251315832138062,Ġzu
Ġsuchen,-1.0943646430969238,-0.4243015646934509,0.7178149819374084,Ġh
Ġund,-1.1976820230484009,-0.6261202096939087,1.3198885917663574,","
Ġach,-4.898975372314453,-1.7864811420440674,4.527488708496094,Ġmich
te,-0.8031263947486877,-0.6056929230690002,0.7400063872337341,ts
Ġsehr,-3.9188294410705566,-1.0674375295639038,2.063676357269287,Ġdarauf
Ġdarauf,-1.0459249019622803,-0.7809961438179016,1.3717501163482666,Ġauf
",",-0.01896463707089424,-0.01896463707089424,0.1478196382522583,","
Ġauf,-3.5631344318389893,-1.0398437976837158,2.730497360229492,Ġdass
Ġmich,-0.5621578693389893,-0.5621578693389893,1.2557063102722168,Ġmich
Ġselbst,-1.4382493495941162,-1.2690656185150146,1.7082536220550537,Ġzu
Ġzu,-0.625249981880188,-0.625249981880188,1.3496757745742798,Ġzu
ĠhÃ¶,-1.9390655755996704,-0.17672698199748993,0.5271969437599182,Ġach
ren,-0.0009257083875127137,-0.0009257083875127137,0.009612761437892914,ren
.,-0.9673858880996704,-0.9673858880996704,1.6425566673278809,.
ĠEs,-3.4692955017089844,-1.317855715751648,4.203695297241211,ĠIch
Ġgibt,-1.5059305429458618,-1.3004003763198853,2.7913095951080322,Ġist
ĠPh,-3.5700979232788086,-2.416680335998535,4.289914131164551,ĠMom
as,-0.0114004360511899,-0.0114004360511899,0.07694111764431,as
en,-6.842378934379667e-05,-6.842378934379667e-05,0.000988692743703723,en
",",-0.10390177369117737,-0.10390177369117737,0.4991322159767151,","
Ġin,-0.060023512691259384,-0.060023512691259384,0.3491266965866089,Ġin
Ġdenen,-0.002763621276244521,-0.002763621276244521,0.0257326178252697,Ġdenen
Ġich,-0.28524914383888245,-0.28524914383888245,1.1955887079238892,Ġich
Ġdas,-3.638638496398926,-1.1905690431594849,4.0842485427856445,Ġmich
ĠGef,-0.3383429944515228,-0.3383429944515228,2.0378758907318115,ĠGef
Ã¼hl,-0.0010713557712733746,-0.0010713557712733746,0.011264724656939507,Ã¼hl
Ġhabe,-0.014687038026750088,-0.014687038026750088,0.12256667017936707,Ġhabe
",",-0.011015437543392181,-0.011015437543392181,0.10709656774997711,","
Ġdass,-1.293892741203308,-1.293892741203308,3.5539956092834473,Ġdass
Ġich,-0.630372941493988,-0.630372941493988,2.0806870460510254,Ġich
Ġeine,-4.8463850021362305,-1.8848292827606201,4.315546035766602,Ġmich
Ġkur,-5.178473472595215,-1.227893590927124,4.326139450073242,ĠPause
ze,-0.0017516759689897299,-0.0017516759689897299,0.018889185041189194,ze
ĠAus,-1.2621891498565674,-0.4600231945514679,1.2151734828948975,ĠPause
zeit,-0.0008305437513627112,-0.0008305437513627112,0.00846831500530243,zeit
Ġbra,-0.28896453976631165,-0.28896453976631165,1.218125343322754,Ġbra
uche,-0.0118694007396698,-0.0118694007396698,0.07381519675254822,uche
",",-0.7496880292892456,-0.7496880292892456,1.4261837005615234,","
Ġum,-1.0793054103851318,-1.0793054103851318,2.8402137756347656,Ġum
Ġmich,-0.9310896396636963,-0.9310896396636963,3.0944433212280273,Ġmich
Ġwieder,-2.271238327026367,-1.152353286743164,2.881291627883911,Ġzu
Ġzu,-0.8241298198699951,-0.8241298198699951,2.6206860542297363,Ġzu
Ġsort,-3.571091890335083,-0.986309289932251,2.3493874073028564,Ġs
ieren,-8.642300235806033e-05,-8.642300235806033e-05,0.0010805950732901692,ieren
.,-0.5499639511108398,-0.5499639511108398,1.4267971515655518,.
ĠAber,-2.780982494354248,-1.6773897409439087,3.531093120574951,ĠIch
Ġins,-5.24778413772583,-1.0587965250015259,3.3653085231781006,Ġich
ges,-0.01759515330195427,-0.01759515330195427,0.1302805244922638,ges
amt,-0.0003657863999251276,-0.0003657863999251276,0.0035252957604825497,amt
Ġden,-3.77354097366333,-1.8048386573791504,3.819302558898926,Ġbin
ke,-0.004445788450539112,-0.004445788450539112,0.033867403864860535,ke
Ġich,-0.0063717784360051155,-0.0063717784360051155,0.05177069455385208,Ġich
",",-0.10391928255558014,-0.10391928255558014,0.6741557121276855,","
Ġdass,-0.14722368121147156,-0.14722368121147156,0.8250778913497925,Ġdass
Ġich,-0.5074425935745239,-0.5074425935745239,1.7144862413406372,Ġich
Ġpsych,-7.046592712402344,-2.391876459121704,4.444550037384033,Ġmich
isch,-0.0301883015781641,-0.0301883015781641,0.17538034915924072,isch
Ġges,-3.54447603225708,-1.7191053628921509,3.755445957183838,Ġsehr
und,-0.09173436462879181,-0.09173436462879181,0.3429877460002899,und
Ġbin,-0.17128923535346985,-0.17128923535346985,0.8473718166351318,Ġbin
",",-2.2904577255249023,-1.0025509595870972,1.8999245166778564,.
Ġsol,-4.404943466186523,-1.5910117626190186,3.2535276412963867,Ġweil
ange,-0.0062658763490617275,-0.0062658763490617275,0.04454034939408302,ange
Ġich,-0.1890673041343689,-0.1890673041343689,0.9753015637397766,Ġich
Ġmir,-2.5782761573791504,-1.7946983575820923,4.151304721832275,Ġmich
Ġgen,-3.8129239082336426,-2.171504497528076,3.947277069091797,ĠHilfe
ug,-0.43940481543540955,-0.43940481543540955,0.679542064666748,ug
ĠZeit,-0.5069180727005005,-0.5069180727005005,2.1478757858276367,ĠZeit
ĠfÃ¼r,-1.150240421295166,-0.7860817313194275,1.5694892406463623,Ġneh
Ġmich,-0.09148526936769485,-0.09148526936769485,0.5781179070472717,Ġmich
Ġneh,-0.8653032183647156,-0.7101976275444031,1.1490626335144043,Ġselbst
me,-0.0001858300092862919,-0.0001858300092862919,0.0023862975649535656,me
.,-1.3188800811767578,-1.160491943359375,1.828831434249878,Ġund

New Section
token,logprob_actual,logprob_max,entropy,most_likely_token
B,-3.546464443206787,-1.8125929832458496,4.671260356903076,1
:,-11.321168899536133,-1.4112709760665894,2.981581687927246,und
ĠNe,-6.850390911102295,-2.362832546234131,6.873809814453125,Ġ
in,-3.004143238067627,-2.2843823432922363,3.9252095222473145,um
",",-0.5953735113143921,-0.5953735113143921,1.8156821727752686,","
Ġbisher,-7.226288795471191,-1.8278839588165283,4.5399250984191895,Ġich
Ġnicht,-0.9169843792915344,-0.9169843792915344,2.8035502433776855,Ġnicht
.,-0.8190410137176514,-0.8190410137176514,1.6693565845489502,.

New Section
token,logprob_actual,logprob_max,entropy,most_likely_token
B,-3.546454429626465,-1.8125848770141602,4.67125940322876,1
:,-11.321185111999512,-1.411238670349121,2.981560707092285,und
Ġ(,-5.526364803314209,-2.3628158569335938,6.873802185058594,Ġ
Start,-9.894759178161621,-1.5310472249984741,5.365761756896973,1
et,-6.191150188446045,-1.2430024147033691,3.649064540863037,seite
Ġin,-2.80135178565979,-2.6763556003570557,5.008245468139648,Ġmit
ĠSch,-5.9428629875183105,-1.7865118980407715,5.081899166107178,Ġ
rift,-4.017256259918213,-1.631685733795166,3.9739959239959717,ritt
spr,-8.663206100463867,-1.8142610788345337,3.7520880699157715,form
ache,-0.016160333529114723,-0.016160333529114723,0.1375640481710434,ache
.),-4.396814346313477,-1.0335043668746948,3.376333236694336,)
ĠAuf,-5.880594253540039,-1.488189935684204,4.95203161239624,Ġ(
Ġdiesem,-4.354374885559082,-1.8244540691375732,4.268490791320801,Ġder
ĠBild,-1.9028230905532837,-1.9028230905532837,5.2590227127075195,ĠBild
Ġsieht,-1.9409018754959106,-1.7240926027297974,3.276747226715088,Ġist
Ġman,-0.03235004469752312,-0.03235004469752312,0.28999441862106323,Ġman
Ġeine,-1.9313626289367676,-1.9313626289367676,4.147623062133789,Ġeine
ĠGr,-2.963299036026001,-2.4239513874053955,5.712531089782715,ĠFrau
uppe,-0.056339628994464874,-0.056339628994464874,0.33255913853645325,uppe
Ġvon,-0.3142775595188141,-0.3142775595188141,1.8345081806182861,Ġvon
ĠPersonen,-2.327195167541504,-1.0049571990966797,3.645812749862671,ĠMenschen
",",-0.6300046443939209,-0.6300046443939209,1.900809407234192,","
Ġdie,-0.21781139075756073,-0.21781139075756073,1.3845345973968506,Ġdie
Ġauf,-2.386549711227417,-1.7220866680145264,4.0798234939575195,Ġsich
Ġeinem,-1.3432719707489014,-1.1006286144256592,2.4741766452789307,Ġeiner
ĠMarkt,-5.119448184967041,-3.3156933784484863,5.432310104370117,ĠSofa
Ġstehen,-1.9708175659179688,-1.9708175659179688,4.120376110076904,Ġstehen
.,-0.5925129055976868,-0.5925129055976868,1.3198423385620117,.
ĠEs,-2.2813844680786133,-1.6556099653244019,3.440431594848633,ĠDie
Ġist,-1.4080982208251953,-0.9424915313720703,1.9769487380981445,Ġsind
Ġein,-1.1626664400100708,-1.1626664400100708,3.566067934036255,Ġein
Ġle,-5.477802276611328,-2.3400418758392334,5.288580894470215,ĠMarkt
b,-0.07271973043680191,-0.07271973043680191,0.421672523021698,b
ha,-0.48456859588623047,-0.48456859588623047,0.9635048508644104,ha
fter,-0.0009908534120768309,-0.0009908534120768309,0.010564405471086502,fter
ĠOrt,-2.979863405227661,-0.485001802444458,2.017277717590332,ĠMarkt
",",-0.8170063495635986,-0.8170063495635986,1.6952439546585083,","
Ġmit,-2.675987958908081,-0.6715352535247803,2.0524086952209473,Ġan
Ġvielen,-0.44944435358047485,-0.44944435358047485,2.1565237045288086,Ġvielen
ĠSt,-3.030137538909912,-1.3410981893539429,3.0092337131500244,ĠMenschen
Ã¤nd,-0.008849331177771091,-0.008849331177771091,0.07855281978845596,Ã¤nd
en,-0.00032634177478030324,-0.00032634177478030324,0.0039039719849824905,en
Ġund,-0.7730602025985718,-0.7730602025985718,1.3272068500518799,Ġund
Ġbun,-3.6843295097351074,-1.2565914392471313,3.717672348022461,ĠMenschen
ten,-0.10520648211240768,-0.10520648211240768,0.35179755091667175,ten
ĠW,-2.276853561401367,-0.9872416257858276,3.178391456604004,ĠFar
aren,-0.09086575359106064,-0.09086575359106064,0.4567587971687317,aren
.,-0.36533498764038086,-0.36533498764038086,1.1927289962768555,.
ĠIn,-2.1855268478393555,-1.203965187072754,2.9620285034179688,ĠDie
Ġder,-0.045553065836429596,-0.045553065836429596,0.31041139364242554,Ġder
ĠMit,-0.13598665595054626,-0.13598665595054626,0.7824230194091797,ĠMit
te,-0.00013863079948350787,-0.00013863079948350787,0.0019153949106112123,te
Ġsieht,-2.3060827255249023,-0.5069018602371216,1.5982903242111206,Ġdes
Ġman,-0.002630585338920355,-0.002630585338920355,0.029517505317926407,Ġman
Ġeine,-1.058086633682251,-0.918323814868927,1.6746857166290283,Ġeinen
ĠÃ¤l,-4.696276664733887,-1.3211162090301514,3.2156810760498047,ĠGr
tere,-0.0028351848013699055,-0.0028351848013699055,0.020978156477212906,tere
ĠFrau,-0.22879911959171295,-0.22879911959171295,0.7399215698242188,ĠFrau
",",-0.2774308919906616,-0.2774308919906616,0.903770387172699,","
Ġdie,-0.06317329406738281,-0.06317329406738281,0.438644140958786,Ġdie
Ġgerade,-4.220548152923584,-1.918359398841858,3.798765182495117,Ġein
Ġeine,-1.934722661972046,-1.7077891826629639,3.1405527591705322,Ġetwas
ĠMel,-4.846324920654297,-2.5620574951171875,5.0724568367004395,ĠK
one,-0.0331268273293972,-0.0331268273293972,0.20837733149528503,one
Ġaus,-3.5836591720581055,-1.1572389602661133,2.2252845764160156,Ġverk
w,-2.0635204315185547,-0.7970665693283081,2.1312813758850098,Ġeinem
Ã¤hlt,-0.005829238798469305,-0.005829238798469305,0.04601091891527176,Ã¤hlt
.,-0.295815646648407,-0.295815646648407,0.8327108025550842,.
ĠSie,-0.9710478782653809,-0.9710478782653809,2.78950834274292,ĠSie
ĠtrÃ¤,-2.985579013824463,-1.6620336771011353,2.99493408203125,Ġist
gt,-0.0037544730585068464,-0.0037544730585068464,0.02582458220422268,gt
Ġeine,-1.599853277206421,-0.4916054606437683,1.0760414600372314,Ġein
Ġeinf,-5.178963661193848,-2.1255128383636475,4.137467861175537,Ġtradition
ache,-0.006866075564175844,-0.006866075564175844,0.049184754490852356,ache
",",-1.6144590377807617,-0.8006487488746643,2.162100315093994,ĠKle
Ġaber,-0.9109556674957275,-0.9109556674957275,2.5138144493103027,Ġaber
Ġstil,-5.659255027770996,-0.5312966108322144,2.1719906330108643,Ġsa
vol,-0.018719905987381935,-0.018719905987381935,0.10768777132034302,vol
le,-9.285972191719338e-05,-9.285972191719338e-05,0.0011134898522868752,le
ĠKle,-0.19618897140026093,-0.19618897140026093,0.9362100958824158,ĠKle
id,-0.0012935374397784472,-0.0012935374397784472,0.010898823849856853,id
ung,-0.0001392267586197704,-0.0001392267586197704,0.0015778590459376574,ung
.,-0.946904718875885,-0.946904718875885,1.4405478239059448,.
ĠLinks,-4.106541633605957,-1.5850791931152344,2.951679229736328,ĠDie
Ġsieht,-3.2901763916015625,-0.4967536926269531,1.3877378702163696,Ġvon
Ġman,-0.0012965138303115964,-0.0012965138303115964,0.015307244844734669,Ġman
Ġeinen,-0.5827146172523499,-0.5827146172523499,1.5228986740112305,Ġeinen
Ġj,-0.7006797194480896,-0.7006797194480896,1.9140269756317139,Ġj
ungen,-0.06882448494434357,-0.06882448494434357,0.2454594075679779,ungen
ĠMann,-0.016790496185421944,-0.016790496185421944,0.15161985158920288,ĠMann
",",-0.1776263564825058,-0.1776263564825058,0.5705523490905762,","
Ġder,-0.012582206167280674,-0.012582206167280674,0.1117212101817131,Ġder
Ġmit,-3.243556022644043,-1.6724613904953003,3.0998196601867676,Ġihr
Ġeinem,-0.9780913591384888,-0.9780913591384888,2.33939790725708,Ġeinem
ĠVer,-4.019142150878906,-2.759751319885254,5.182543754577637,ĠHut
k,-0.006308641284704208,-0.006308641284704208,0.055223070085048676,k
Ã¤,-0.00017712931730784476,-0.00017712931730784476,0.001995089929550886,Ã¤
u,-0.00013219437096267939,-0.00013219437096267939,0.0016601651441305876,u
fer,-0.00016175392374861985,-0.00016175392374861985,0.0017822377849370241,fer
Ġspr,-0.5327479839324951,-0.5327479839324951,1.7281856536865234,Ġspr
icht,-0.00020668754586949944,-0.00020668754586949944,0.0021444596350193024,icht
",",-1.8453593254089355,-0.28555625677108765,0.7642226219177246,.
Ġder,-2.7687535285949707,-0.7913174629211426,1.6913623809814453,Ġum
Ġgerade,-2.5670087337493896,-1.486830472946167,3.5592353343963623,Ġihm
ĠTom,-6.195466995239258,-0.7065469622612,2.5419936180114746,Ġeine
aten,-0.005691987462341785,-0.005691987462341785,0.04136199504137039,aten
Ġin,-3.3635056018829346,-0.9874298572540283,1.7921340465545654,Ġan
Ġeine,-1.6738011837005615,-1.458270788192749,2.5173678398132324,Ġeiner
ĠT,-3.891389846801758,-0.7604943513870239,2.0572736263275146,ĠK
Ã¼,-0.01700640097260475,-0.01700640097260475,0.1231403797864914,Ã¼
te,-0.00021300431399140507,-0.00021300431399140507,0.002452064072713256,te
Ġpack,-1.311401605606079,-0.7362882494926453,1.782966136932373,Ġleg
t,-0.0055069406516849995,-0.0055069406516849995,0.03551226854324341,t
.,-0.020465169101953506,-0.020465169101953506,0.13058573007583618,.
ĠIm,-3.41163969039917,-0.5142806768417358,2.057614326477051,ĠRe
ĠH,-0.03655727580189705,-0.03655727580189705,0.24154798686504364,ĠH
inter,-0.00035089056473225355,-0.00035089056473225355,0.0036575808189809322,inter
grund,-0.0008790204883553088,-0.0008790204883553088,0.008886806666851044,grund
Ġsieht,-0.1821020245552063,-0.1821020245552063,0.8672624826431274,Ġsieht
Ġman,-0.0008364992681890726,-0.0008364992681890726,0.010417034849524498,Ġman
Ġweitere,-2.193925380706787,-1.5358632802963257,2.6519205570220947,Ġeine
ĠMarkt,-3.468773365020752,-0.8144745826721191,2.052018404006958,ĠPersonen
stÃ¤nd,-0.07895419001579285,-0.07895419001579285,0.3431805968284607,stÃ¤nd
e,-0.0010701649589464068,-0.0010701649589464068,0.009904916398227215,e
",",-0.7648853063583374,-0.7648853063583374,1.306804895401001,","
Ġdie,-1.1797314882278442,-1.1797314882278442,2.3225386142730713,Ġdie
Ġmit,-1.0270110368728638,-1.0270110368728638,3.051405906677246,Ġmit
ĠObst,-2.2740349769592285,-1.8310818672180176,4.002145767211914,ĠGem
Ġund,-0.3418266177177429,-0.3418266177177429,0.9867994785308838,Ġund
ĠGem,-0.021180512383580208,-0.021180512383580208,0.18688584864139557,ĠGem
Ã¼,-0.000788139586802572,-0.000788139586802572,0.0077320849522948265,Ã¼
se,-0.00404349947348237,-0.00404349947348237,0.03490196913480759,se
Ġvoll,-2.6008641719818115,-1.32615065574646,2.6735339164733887,Ġbest
Ġsind,-3.020061492919922,-0.8334408402442932,2.012970447540283,gest
.,-0.17811979353427887,-0.17811979353427887,0.716974139213562,.
ĠDer,-2.8833656311035156,-1.4303702116012573,3.7686123847961426,ĠRe
ĠH,-4.39903450012207,-0.9632556438446045,2.601146697998047,Ġjunge
immel,-2.4430673122406006,-0.20845761895179749,0.7463002800941467,inter
Ġist,-0.17318381369113922,-0.17318381369113922,0.9432970285415649,Ġist
Ġbew,-2.691288948059082,-1.2541884183883667,3.239142656326294,Ġbl
Ã¶l,-0.0010968389688059688,-0.0010968389688059688,0.009885522536933422,Ã¶l
kt,-0.00011062010162277147,-0.00011062010162277147,0.0013475811574608088,kt
",",-1.108121395111084,-1.108121395111084,1.4322750568389893,","
Ġund,-1.541736125946045,-1.0819287300109863,2.328948974609375,Ġaber
Ġes,-0.8049847483634949,-0.8049847483634949,1.8333473205566406,Ġes
Ġsieht,-1.2978756427764893,-1.2978756427764893,2.1783623695373535,Ġsieht
Ġaus,-1.6625328063964844,-0.8780422806739807,1.5221610069274902,Ġnach
",",-0.33334866166114807,-0.33334866166114807,0.779971182346344,","
Ġals,-0.006818125024437904,-0.006818125024437904,0.04994043707847595,Ġals
ĠwÃ¼rde,-0.763109564781189,-0.763109564781189,1.2882630825042725,ĠwÃ¼rde
Ġes,-0.532951295375824,-0.532951295375824,1.3521699905395508,Ġes
Ġbald,-0.28185728192329407,-0.28185728192329407,1.026996374130249,Ġbald
Ġreg,-0.20512773096561432,-0.20512773096561432,0.6488809585571289,Ġreg
nen,-0.0022461204789578915,-0.0022461204789578915,0.01785796694457531,nen
.,-0.29875433444976807,-0.29875433444976807,0.8209478855133057,.
ĠEs,-3.4983859062194824,-1.2477747201919556,3.503734588623047,ĠDie
Ġsche,-2.778287649154663,-0.542812168598175,1.8758299350738525,Ġist
int,-0.0025329669006168842,-0.0025329669006168842,0.01795567013323307,int
Ġein,-1.8469783067703247,-0.5396319627761841,1.770318627357483,","
ĠschÃ¶,-3.1423349380493164,-1.5896750688552856,3.4985055923461914,Ġson
ner,-0.010559283196926117,-0.010559283196926117,0.061118777841329575,ner
",",-1.2926595211029053,-1.2169148921966553,2.231900215148926,ĠTag
Ġaber,-0.2947404980659485,-0.2947404980659485,1.257327675819397,Ġaber
Ġauch,-0.644417941570282,-0.644417941570282,2.5554537773132324,Ġauch
Ġsehr,-2.980459213256836,-1.8015881776809692,3.2082557678222656,Ġgesch
Ġbesch,-2.5989651679992676,-0.8096030950546265,2.314652919769287,Ġgesch
Ã¤ft,-0.00450595747679472,-0.00450595747679472,0.035032667219638824,Ã¤ft
ig,-0.003980215173214674,-0.003980215173214674,0.031151387840509415,ig
ter,-0.0037155181635171175,-0.0037155181635171175,0.03300318866968155,ter
ĠTag,-0.6789713501930237,-0.6789713501930237,1.5283825397491455,ĠTag
Ġzu,-1.026785135269165,-0.6382753252983093,1.1380376815795898,Ġauf
Ġsein,-0.001157448161393404,-0.001157448161393404,0.013380927965044975,Ġsein
.,-0.9326510429382324,-0.9326510429382324,1.4255915880203247,.

New Section
token,logprob_actual,logprob_max,entropy,most_likely_token
B,-3.546454429626465,-1.8125848770141602,4.67125940322876,1
:,-11.321185111999512,-1.411238670349121,2.981560707092285,und
ĠAuf,-6.362008094787598,-2.3628158569335938,6.873802185058594,Ġ
Ġdiesem,-7.227237701416016,-1.855143666267395,4.130476951599121,Ġdie
ĠBild,-3.9044084548950195,-1.878846287727356,5.084137916564941,ĠWe
Ġsieht,-2.1151492595672607,-1.4941565990447998,3.7204012870788574,Ġist
Ġman,-0.05891833454370499,-0.05891833454370499,0.4840213656425476,Ġman
Ġeinen,-2.206019401550293,-2.0020341873168945,4.290772438049316,Ġdie
ĠMann,-2.5178382396698,-2.5178382396698,6.236662864685059,ĠMann
Ġund,-2.9241487979888916,-0.7196390628814697,2.2329249382019043,","
Ġeine,-0.21146579086780548,-0.21146579086780548,1.0554301738739014,Ġeine
ĠFrau,-0.053466249257326126,-0.053466249257326126,0.5140694975852966,ĠFrau
",",-0.8026100397109985,-0.8026100397109985,2.3343729972839355,","
Ġdie,-0.2085425853729248,-0.2085425853729248,1.2431750297546387,Ġdie
Ġzusammen,-3.373659610748291,-1.752362847328186,4.114617347717285,Ġsich
Ġauf,-1.4660630226135254,-1.4660630226135254,3.7177200317382812,Ġauf
Ġeiner,-0.9465973377227783,-0.9465973377227783,1.5986263751983643,Ġeiner
ĠBank,-0.8715938329696655,-0.8715938329696655,2.593648910522461,ĠBank
Ġsit,-0.22222617268562317,-0.22222617268562317,1.108975887298584,Ġsit
zen,-0.008822154253721237,-0.008822154253721237,0.05825820192694664,zen
.,-0.280669242143631,-0.280669242143631,1.0773056745529175,.
ĠDer,-1.28293776512146,-1.1496407985687256,2.589059591293335,ĠDie
ĠMann,-0.014356771484017372,-0.014356771484017372,0.14988550543785095,ĠMann
Ġist,-2.053729295730591,-0.7966834902763367,2.3479256629943848,Ġhat
Ġin,-2.678588628768921,-2.2940194606781006,4.668875694274902,Ġmit
Ġeinem,-1.8533810377120972,-1.3346155881881714,3.0468716621398926,Ġein
ĠAn,-2.051118850708008,-1.528355598449707,3.3537726402282715,Ġdunk
zug,-0.0030541226733475924,-0.0030541226733475924,0.02769985981285572,zug
Ġund,-1.0656468868255615,-0.5795590281486511,1.0870566368103027,Ġgek
Ġsch,-6.429350852966309,-0.9134224653244019,1.966183066368103,Ġhat
aut,-0.42672592401504517,-0.42672592401504517,1.1347488164901733,aut
Ġauf,-3.192800998687744,-1.816281795501709,3.6826353073120117,Ġin
Ġsein,-2.8641390800476074,-1.3710466623306274,2.3543992042541504,Ġseine
ĠHandy,-0.4022424519062042,-0.4022424519062042,1.098585605621338,ĠHandy
.,-0.4296663701534271,-0.4296663701534271,0.921371579170227,.
ĠDie,-0.05026869475841522,-0.05026869475841522,0.3885935842990875,ĠDie
ĠFrau,-0.003257803386077285,-0.003257803386077285,0.03854887932538986,ĠFrau
ĠtrÃ¤,-2.130099296569824,-0.7955161333084106,1.9524919986724854,Ġist
gt,-0.0006124289939180017,-0.0006124289939180017,0.0065171848982572556,gt
Ġein,-0.45461922883987427,-0.45461922883987427,1.0802655220031738,Ġein
Ġsom,-4.906699180603027,-0.5434644222259521,2.2632274627685547,ĠKle
mer,-0.0021872424986213446,-0.0021872424986213446,0.019585594534873962,mer
liches,-0.014551114290952682,-0.014551114290952682,0.10114222019910812,liches
ĠKle,-0.08719311654567719,-0.08719311654567719,0.534146249294281,ĠKle
id,-0.0009184433147311211,-0.0009184433147311211,0.010498314164578915,id
Ġund,-0.06461210548877716,-0.06461210548877716,0.35079431533813477,Ġund
Ġsch,-0.7626466751098633,-0.7626466751098633,2.160370349884033,Ġsch
aut,-0.0036877263337373734,-0.0036877263337373734,0.03430507332086563,aut
Ġnach,-3.5390937328338623,-1.6505897045135498,3.1351778507232666,Ġin
den,-0.9771503210067749,-0.9771503210067749,1.5864273309707642,den
k,-0.0005398723296821117,-0.0005398723296821117,0.00664076954126358,k
lich,-0.0002503081923350692,-0.0002503081923350692,0.0031374944373965263,lich
Ġin,-0.741073727607727,-0.741073727607727,1.960245132446289,Ġin
Ġdie,-0.19859689474105835,-0.19859689474105835,0.5830497741699219,Ġdie
ĠFer,-0.29007694125175476,-0.29007694125175476,0.9731769561767578,ĠFer
ne,-0.00011669908417388797,-0.00011669908417388797,0.0015201790956780314,ne
.,-0.4537118077278137,-0.4537118077278137,0.9651350975036621,.
ĠSie,-2.4287514686584473,-1.7446388006210327,3.764984130859375,ĠEs
Ġsche,-2.156811237335205,-0.8331722617149353,2.400430679321289,Ġsit
int,-0.9848376512527466,-0.4684077203273773,0.6665114760398865,inen
Ġin,-2.6890358924865723,-1.5595622062683105,3.1830718517303467,ĠÃ¼ber
Ġeiner,-4.093725204467773,-0.1780070662498474,0.986200749874115,ĠGed
Ġanderen,-5.19345760345459,-1.8582665920257568,4.567252159118652,ĠStadt
ĠWelt,-0.1780351996421814,-0.1780351996421814,0.8734390139579773,ĠWelt
Ġzu,-0.021659962832927704,-0.021659962832927704,0.1806516796350479,Ġzu
Ġsein,-0.20007096230983734,-0.20007096230983734,0.6819218993186951,Ġsein
",",-2.2786386013031006,-0.9853742122650146,1.6473129987716675,.
ĠwÃ¤hrend,-0.25497666001319885,-0.25497666001319885,1.1852824687957764,ĠwÃ¤hrend
Ġder,-0.1877853125333786,-0.1877853125333786,0.6281993389129639,Ġder
ĠMann,-0.0015480450820177794,-0.0015480450820177794,0.019449561834335327,ĠMann
Ġab,-7.034241199493408,-1.1105343103408813,3.1780941486358643,Ġin
g,-0.19212986528873444,-0.19212986528873444,0.5333748459815979,g
elen,-0.00048303857329301536,-0.00048303857329301536,0.00516955740749836,elen
kt,-0.0011408970458433032,-0.0011408970458433032,0.009275375865399837,kt
Ġist,-0.18799522519111633,-0.18799522519111633,0.8371341824531555,Ġist
.,-0.8435379266738892,-0.8435379266738892,1.537768840789795,.
ĠIm,-5.567747592926025,-1.7028393745422363,3.842386484146118,ĠEs
ĠH,-0.053613368421792984,-0.053613368421792984,0.31975317001342773,ĠH
inter,-0.001135419704951346,-0.001135419704951346,0.010475893504917622,inter
grund,-0.0010852882405743003,-0.0010852882405743003,0.010407011024653912,grund
Ġist,-1.749910593032837,-0.5828326344490051,1.5100414752960205,Ġsieht
Ġein,-0.8359536528587341,-0.8359536528587341,1.3466670513153076,Ġein
ĠPark,-1.7849280834197998,-1.1087825298309326,3.4199085235595703,ĠSee
Ġzu,-0.21332280337810516,-0.21332280337810516,0.7912642955780029,Ġzu
Ġsehen,-0.10910274088382721,-0.10910274088382721,0.34189993143081665,Ġsehen
",",-0.9058281779289246,-0.9058281779289246,1.379273772239685,","
Ġmit,-3.471073627471924,-0.6554351449012756,1.7395075559616089,Ġder
ĠB,-1.0704915523529053,-1.0704915523529053,2.56461238861084,ĠB
Ã¤,-0.019561823457479477,-0.019561823457479477,0.1054878681898117,Ã¤
umen,-0.000254241080256179,-0.000254241080256179,0.002760896924883127,umen
Ġund,-0.14727090299129486,-0.14727090299129486,0.45955103635787964,Ġund
Ġeinem,-1.9741034507751465,-1.4370722770690918,2.8639352321624756,ĠGr
Ġkleinen,-1.8281052112579346,-1.4146931171417236,2.7179601192474365,ĠSee
ĠSee,-1.3161523342132568,-0.8655221462249756,1.7313750982284546,ĠTe
.,-0.42031702399253845,-0.42031702399253845,1.0137720108032227,.
ĠDie,-1.5848921537399292,-1.1871050596237183,3.128473997116089,ĠEs
ĠSt,-1.68254816532135,-1.68254816532135,3.1917481422424316,ĠSt
imm,-0.0014811508590355515,-0.0014811508590355515,0.01465799380093813,imm
ung,-0.0018110554665327072,-0.0018110554665327072,0.015429503284394741,ung
Ġwir,-2.554767370223999,-0.5671231150627136,1.622039794921875,Ġist
kt,-0.0007659838884137571,-0.0007659838884137571,0.008494149893522263,kt
Ġein,-4.288029670715332,-1.0866955518722534,2.7953944206237793,Ġfried
Ġb,-1.367272138595581,-0.5235450267791748,0.9792583584785461,Ġwenig
iss,-2.8490614567999728e-05,-2.8490614567999728e-05,0.0004072065057698637,iss
chen,-3.683499380713329e-05,-3.683499380713329e-05,0.0005190641386434436,chen
Ġmelanch,-0.4516957998275757,-0.4516957998275757,1.5925582647323608,Ġmelanch
ol,-0.0007890925044193864,-0.0007890925044193864,0.00741341058164835,ol
isch,-0.016423163935542107,-0.016423163935542107,0.10817704349756241,isch
",",-0.7270442247390747,-0.7270442247390747,1.3963731527328491,","
Ġals,-1.135131597518921,-0.6831167340278625,1.5497658252716064,Ġaber
Ġob,-0.6555355787277222,-0.6555355787277222,1.660529375076294,Ġob
Ġbeide,-2.249727725982666,-0.8319516181945801,2.118478298187256,Ġdie
ĠMenschen,-4.459376335144043,-1.2941534519195557,3.35791277885437,Ġetwas
Ġin,-1.9165894985198975,-1.612945318222046,3.2445592880249023,Ġetwas
ĠGed,-0.7938637137413025,-0.7938637137413025,1.7355024814605713,ĠGed
anken,-0.00040058218291960657,-0.00040058218291960657,0.00384655874222517,anken
Ġvers,-0.1076962873339653,-0.1076962873339653,0.5628117918968201,Ġvers
unken,-0.001022650278173387,-0.001022650278173387,0.009195285849273205,unken
Ġsind,-1.0763373374938965,-0.43224674463272095,0.7119470238685608,Ġw
.,-0.8115258812904358,-0.7162118554115295,1.0909262895584106,.Ċ
ĠEs,-1.8630495071411133,-1.8630495071411133,4.105404853820801,ĠEs
Ġsche,-1.931999921798706,-0.6137816905975342,1.7843337059020996,Ġist
int,-0.001625646254979074,-0.001625646254979074,0.012439794838428497,int
",",-0.4208332896232605,-0.4208332896232605,1.6225440502166748,","
Ġals,-0.05139728635549545,-0.05139728635549545,0.20589588582515717,Ġals
Ġob,-0.41329890489578247,-0.41329890489578247,1.4607799053192139,Ġob
Ġsie,-1.0783604383468628,-1.0783604383468628,1.8780169486999512,Ġsie
Ġein,-3.2873334884643555,-1.308695673942566,3.457575798034668,Ġsich
ĠGes,-4.975384712219238,-0.986223042011261,2.6230249404907227,ander
pr,-0.021730653941631317,-0.021730653941631317,0.12884362041950226,pr
Ã¤ch,-0.0002498314715921879,-0.0002498314715921879,0.0029819668270647526,Ã¤ch
ĠfÃ¼h,-0.6901757121086121,-0.6901757121086121,2.517563819885254,ĠfÃ¼h
ren,-0.001409133430570364,-0.001409133430570364,0.012699083425104618,ren
",",-0.6682599782943726,-0.6682599782943726,1.6161842346191406,","
Ġaber,-0.788043200969696,-0.788043200969696,1.9375481605529785,Ġaber
Ġjeder,-7.539528846740723,-1.4877625703811646,2.8931589126586914,Ġes
Ġist,-1.0933054685592651,-1.0933054685592651,2.476616621017456,Ġist
Ġin,-0.30855700373649597,-0.30855700373649597,1.1876585483551025,Ġin
Ġseiner,-1.5211125612258911,-1.2093507051467896,1.7761878967285156,Ġseinen
Ġeigenen,-0.013318619690835476,-0.013318619690835476,0.08903863281011581,Ġeigenen
ĠWelt,-0.0674692839384079,-0.0674692839384079,0.31094443798065186,ĠWelt
.,-0.6243631839752197,-0.6243631839752197,1.554408073425293,.

New Section
token,logprob_actual,logprob_max,entropy,most_likely_token
B,-3.546454429626465,-1.8125848770141602,4.67125940322876,1
:,-11.321185111999512,-1.411238670349121,2.981560707092285,und
ĠAuf,-6.362008094787598,-2.3628158569335938,6.873802185058594,Ġ
Ġdiesem,-7.227237701416016,-1.855143666267395,4.130476951599121,Ġdie
ĠBild,-3.9044084548950195,-1.878846287727356,5.084137916564941,ĠWe
Ġsieht,-2.1151492595672607,-1.4941565990447998,3.7204012870788574,Ġist
Ġman,-0.05891833454370499,-0.05891833454370499,0.4840213656425476,Ġman
Ġeinen,-2.206019401550293,-2.0020341873168945,4.290772438049316,Ġdie
Ġal,-4.91438102722168,-2.5178382396698,6.236662864685059,ĠMann
ten,-0.007926201447844505,-0.007926201447844505,0.0824664980173111,ten
ĠLe,-6.860599517822266,-0.7320154309272766,3.701700210571289,ĠMann
uch,-0.31659936904907227,-0.31659936904907227,1.519209861755371,uch
tt,-0.03535196930170059,-0.03535196930170059,0.2111174762248993,tt
urm,-0.02859584055840969,-0.02859584055840969,0.16678526997566223,urm
",",-1.1300276517868042,-1.1300276517868042,2.6261839866638184,","
Ġder,-0.3794783353805542,-0.3794783353805542,2.0157017707824707,Ġder
Ġauf,-1.8196262121200562,-1.8196262121200562,4.218642711639404,Ġauf
Ġeinem,-1.3465275764465332,-0.6101775169372559,1.6600768566131592,Ġeiner
ĠF,-1.2517281770706177,-1.2517281770706177,3.646901845932007,ĠF
elsen,-0.06980539113283157,-0.06980539113283157,0.25385305285453796,elsen
ĠÃ¼ber,-4.792691707611084,-0.7002022862434387,2.164550304412842,Ġsteht
Ġdem,-0.2223837524652481,-0.2223837524652481,0.9710004329681396,Ġdem
ĠMeer,-0.19220373034477234,-0.19220373034477234,1.0174719095230103,ĠMeer
Ġthr,-3.0858805179595947,-0.2487795352935791,1.3055999279022217,Ġsteht
ont,-0.0009372609201818705,-0.0009372609201818705,0.00791854877024889,ont
.,-0.22551605105400085,-0.22551605105400085,0.9389312863349915,.
ĠDer,-1.2734564542770386,-1.2734564542770386,3.2072668075561523,ĠDer
ĠH,-6.678119659423828,-0.572335958480835,1.555253267288208,ĠLe
immel,-0.15789148211479187,-0.15789148211479187,0.7661875486373901,immel
Ġist,-0.17433786392211914,-0.17433786392211914,0.9962871074676514,Ġist
Ġdram,-7.446325302124023,-1.5882339477539062,3.091909885406494,Ġbl
atisch,-0.0028937868773937225,-0.0028937868773937225,0.026032455265522003,atisch
",",-3.8731231689453125,-1.4723814725875854,3.31661319732666,Ġbew
Ġmit,-1.9090611934661865,-1.9090611934661865,4.074548721313477,Ġmit
Ġdunk,-1.1636149883270264,-1.1636149883270264,3.4267477989196777,Ġdunk
len,-0.07843080163002014,-0.07843080163002014,0.3716945946216583,len
ĠWol,-0.11152732372283936,-0.11152732372283936,0.58657306432724,ĠWol
ken,-0.00014959646796341985,-0.00014959646796341985,0.0016794386319816113,ken
Ġund,-0.6670941710472107,-0.6670941710472107,1.7221965789794922,Ġund
Ġeiner,-2.643733024597168,-1.0361212491989136,3.593045473098755,Ġeinem
ĠArt,-6.664334774017334,-2.3599390983581543,4.725401401519775,ĠSon
ĠSt,-4.82136344909668,-2.1668241024017334,4.522517681121826,ĠLicht
urm,-0.6444137692451477,-0.6444137692451477,1.3150718212127686,urm
st,-7.269373893737793,-0.8554392457008362,2.809122085571289,","
imm,-0.6491507291793823,-0.6491507291793823,1.9886960983276367,imm
ung,-0.0010794533882290125,-0.0010794533882290125,0.012276919558644295,ung
.,-0.6256609559059143,-0.6256609559059143,1.9435625076293945,.
ĠDas,-2.4662985801696777,-1.4658597707748413,3.3429300785064697,ĠDer
ĠMeer,-1.063622236251831,-1.063622236251831,2.8753724098205566,ĠMeer
Ġist,-0.6876330971717834,-0.6876330971717834,2.551506996154785,Ġist
Ġun,-3.66855788230896,-1.7156398296356201,4.20150089263916,Ġwild
ruh,-0.04370936378836632,-0.04370936378836632,0.2809811234474182,ruh
ig,-0.0017890414455905557,-0.0017890414455905557,0.016279175877571106,ig
Ġund,-0.6933196783065796,-0.6933196783065796,1.0340023040771484,Ġund
Ġst,-4.144846439361572,-1.7056792974472046,3.9755544662475586,Ġdie
Ã¼r,-0.035435620695352554,-0.035435620695352554,0.2528808116912842,Ã¼r
m,-0.6613031625747681,-0.6613031625747681,0.7323449850082397,m
isch,-0.09148592501878738,-0.09148592501878738,0.37140586972236633,isch
",",-0.752038300037384,-0.752038300037384,1.5050287246704102,","
Ġund,-1.5596870183944702,-1.3272699117660522,2.810307502746582,Ġmit
Ġman,-1.612758755683899,-1.346211552619934,2.474855899810791,Ġder
Ġsieht,-1.019239902496338,-0.6437153220176697,1.261422872543335,Ġkann
Ġdie,-2.3761887550354004,-1.1183667182922363,3.1823301315307617,","
ĠWell,-0.6163860559463501,-0.6163860559463501,2.5472497940063477,ĠWell
en,-0.002609302755445242,-0.002609302755445242,0.02394343726336956,en
Ġgegen,-1.7780160903930664,-0.9901323914527893,2.8818116188049316,","
Ġden,-0.22535933554172516,-0.22535933554172516,0.6720380187034607,Ġden
ĠF,-0.5121639370918274,-0.5121639370918274,1.0077286958694458,ĠF
elsen,-0.01853257417678833,-0.01853257417678833,0.0926143079996109,elsen
Ġsch,-1.0899109840393066,-1.0899109840393066,2.693319797515869,Ġsch
lagen,-0.007561041042208672,-0.007561041042208672,0.05316557735204697,lagen
.,-0.41097491979599,-0.41097491979599,1.0749189853668213,.
ĠIn,-2.3648622035980225,-1.4477708339691162,2.960789680480957,ĠDer
Ġder,-0.36876732110977173,-0.36876732110977173,1.250708818435669,Ġder
ĠNÃ¤,-1.6423554420471191,-0.7342724800109863,1.9729969501495361,ĠMit
he,-0.006009011995047331,-0.006009011995047331,0.05969608575105667,he
Ġdes,-0.07929573953151703,-0.07929573953151703,0.47407007217407227,Ġdes
ĠLe,-0.5218510031700134,-0.5218510031700134,1.1392966508865356,ĠLe
uch,-0.0254970733076334,-0.0254970733076334,0.12543033063411713,uch
tt,-0.00024434918304905295,-0.00024434918304905295,0.0028294268995523453,tt
ur,-0.0017815446481108665,-0.0017815446481108665,0.015036951750516891,ur
ms,-0.0522235743701458,-0.0522235743701458,0.20440785586833954,ms
Ġist,-1.6197322607040405,-1.6197322607040405,2.670344829559326,Ġist
Ġein,-0.5696605443954468,-0.5696605443954468,1.2611188888549805,Ġein
Ġkle,-1.4004000425338745,-1.3958395719528198,3.297271966934204,ĠBoot
iner,-0.9553103446960449,-0.4864668846130371,0.6722137928009033,ines
",",-3.455899238586426,-0.8776950240135193,2.935213565826416,es
Ġalter,-3.535628318786621,-1.8288249969482422,4.347317695617676,ĠweiÃŁ
ĠK,-4.263399124145508,-1.0426909923553467,3.104679584503174,ĠKahn
utter,-0.023779436945915222,-0.023779436945915222,0.19049078226089478,utter
Ġzu,-1.625741958618164,-0.6863670945167542,1.9532628059387207,","
Ġsehen,-0.045780498534440994,-0.045780498534440994,0.19754232466220856,Ġsehen
",",-0.03150993585586548,-0.03150993585586548,0.1819963902235031,","
Ġder,-0.03254865109920502,-0.03254865109920502,0.2514798939228058,Ġder
Ġvers,-3.8639426231384277,-1.9599671363830566,3.9928698539733887,Ġin
ucht,-0.02449602074921131,-0.02449602074921131,0.13424324989318848,ucht
",",-0.015814127400517464,-0.015814127400517464,0.12956202030181885,","
Ġgegen,-2.350008010864258,-1.2215118408203125,2.630154848098755,Ġsich
Ġdie,-1.3218059539794922,-0.448188841342926,0.9232420921325684,Ġden
ĠWell,-0.5551453828811646,-0.5551453828811646,2.169739007949829,ĠWell
en,-0.00035279724397696555,-0.00035279724397696555,0.004055545665323734,en
Ġanz,-0.42637068033218384,-0.42637068033218384,1.0641205310821533,Ġanz
uk,-0.08375857025384903,-0.08375857025384903,0.45635226368904114,uk
ommen,-4.081816673278809,-0.019204044714570045,0.10581117123365402,Ã¤
.,-0.6146573424339294,-0.6146573424339294,1.3267862796783447,.
ĠEs,-2.0067708492279053,-1.6317555904388428,2.879251480102539,ĠDer
Ġwir,-3.602173328399658,-0.5442585945129395,1.558164119720459,Ġist
kt,-0.004996788688004017,-0.004996788688004017,0.03967100381851196,kt
Ġwie,-2.4887328147888184,-0.9793582558631897,2.869903564453125,","
Ġeine,-0.6777791380882263,-0.6777791380882263,0.803978443145752,Ġeine
Ġdram,-3.103841543197632,-1.3754661083221436,4.106290817260742,ĠSz
atische,-0.0024500847794115543,-0.0024500847794115543,0.019537748768925667,atische
ĠSz,-0.7794651985168457,-0.7794651985168457,1.8222639560699463,ĠSz
ene,-0.012907057069242,-0.012907057069242,0.06952477991580963,ene
",",-0.514792263507843,-0.514792263507843,1.5981338024139404,","
Ġbei,-3.7618303298950195,-1.0611704587936401,2.097533702850342,Ġin
Ġder,-0.004906992893666029,-0.004906992893666029,0.04314418137073517,Ġder
Ġder,-1.2329041957855225,-1.2329041957855225,2.050107479095459,Ġder
ĠLe,-2.1737253665924072,-0.7593329548835754,1.9853142499923706,ĠK
uch,-0.00261429650709033,-0.00261429650709033,0.02108137682080269,uch
tt,-2.038458114839159e-05,-2.038458114839159e-05,0.00029638042906299233,tt
urm,-0.010475648567080498,-0.010475648567080498,0.06404922157526016,urm
Ġals,-3.1059954166412354,-1.9172546863555908,3.7140960693359375,Ġund
ĠR,-4.2039875984191895,-1.0790847539901733,3.1592984199523926,Ġletz
ett,-0.0019136227201670408,-0.0019136227201670408,0.019104264676570892,ett
ungs,-0.44595348834991455,-0.44595348834991455,0.6573769450187683,ungs
anker,-0.13942714035511017,-0.13942714035511017,0.7287581562995911,anker
Ġin,-3.335345983505249,-0.6518104672431946,2.258975028991699,Ġd
Ġdieser,-2.52787709236145,-1.4662792682647705,2.947021245956421,Ġder
Ġst,-1.7308578491210938,-1.7308578491210938,4.089521408081055,Ġst
Ã¼r,-0.004810783080756664,-0.004810783080756664,0.03314527869224548,Ã¼r
m,-0.0005577438860200346,-0.0005577438860200346,0.0060461172834038734,m
ischen,-0.0017986800521612167,-0.0017986800521612167,0.01636635512113571,ischen
ĠSee,-0.9802263975143433,-0.9802263975143433,1.8026692867279053,ĠSee
Ġd,-0.2701062560081482,-0.2701062560081482,1.3785903453826904,Ġd
ient,-0.05706771835684776,-0.05706771835684776,0.2702961564064026,ient
.,-0.6648014783859253,-0.6648014783859253,1.2991714477539062,.
ĠDer,-2.1744914054870605,-1.9136911630630493,4.099695682525635,ĠDie
ĠLe,-0.9505832195281982,-0.9505832195281982,3.518307685852051,ĠLe
uch,-0.003935213200747967,-0.003935213200747967,0.03127928823232651,uch
tt,-0.0003083468764089048,-0.0003083468764089048,0.0033721195068210363,tt
urm,-0.1398683786392212,-0.1398683786392212,0.4068276286125183,urm
Ġstr,-3.2135515213012695,-1.403098225593567,3.4790396690368652,Ġist
ah,-0.001277345814742148,-0.001277345814742148,0.011516162194311619,ah
lt,-0.00010168035078095272,-0.00010168035078095272,0.0011952861677855253,lt
Ġein,-3.633575201034546,-1.8445956707000732,3.4492626190185547,Ġeine
Ġwarm,-0.6125159859657288,-0.6125159859657288,2.166029930114746,Ġwarm
es,-0.0004220310365781188,-0.0004220310365781188,0.005037290975451469,es
ĠLicht,-0.6164525151252747,-0.6164525151252747,1.1477012634277344,ĠLicht
Ġaus,-0.07078799605369568,-0.07078799605369568,0.3893359899520874,Ġaus
",",-0.3420562744140625,-0.3420562744140625,0.6706560850143433,","
Ġdas,-0.22697046399116516,-0.22697046399116516,1.016629695892334,Ġdas
Ġden,-1.4503858089447021,-1.3558385372161865,2.9292941093444824,Ġdie
ĠK,-1.6865183115005493,-1.6865183115005493,4.111016273498535,ĠK
utter,-0.004812681116163731,-0.004812681116163731,0.046028681099414825,utter
Ġzu,-4.137644290924072,-1.164803147315979,3.166311264038086,Ġund
ĠfÃ¼h,-8.031875610351562,-1.057555079460144,2.7452125549316406,Ġsich
ren,-0.08431665599346161,-0.08431665599346161,0.33535999059677124,ren
Ġsche,-0.022090910002589226,-0.022090910002589226,0.12424647808074951,Ġsche
int,-0.00027295202016830444,-0.00027295202016830444,0.002685049083083868,int
.,-0.9505897164344788,-0.9505897164344788,1.451889991760254,.

New Section
token,logprob_actual,logprob_max,entropy,most_likely_token
B,-3.5464510917663574,-1.8125871419906616,4.671254634857178,1
:,-11.321178436279297,-1.411248803138733,2.9815762042999268,und
ĠIch,-8.247467994689941,-2.362823724746704,6.873806476593018,Ġ
Ġhabe,-1.9568747282028198,-1.9568747282028198,4.1452436447143555,Ġhabe
Ġin,-3.9390668869018555,-2.9918508529663086,4.988460540771484,Ġeine
Ġder,-1.5681278705596924,-1.5681278705596924,3.7984519004821777,Ġder
ĠKind,-6.131670951843262,-2.1116981506347656,4.964022159576416,ĠVerg
heit,-0.08388715982437134,-0.08388715982437134,0.4227598309516907,heit
Ġoft,-4.065483093261719,-2.6438825130462646,5.047849655151367,Ġviel
Ġget,-4.181416988372803,-3.037322521209717,5.431012153625488,Ġmit
r,-0.10884981602430344,-0.10884981602430344,0.6416149139404297,r
Ã¤,-0.005492121446877718,-0.005492121446877718,0.053860943764448166,Ã¤
um,-0.00036530973738990724,-0.00036530973738990724,0.004387908149510622,um
t,-0.00047922570956870914,-0.00047922570956870914,0.005972838494926691,t
",",-0.2005736380815506,-0.2005736380815506,1.101332664489746,","
Ġdass,-0.8739079236984253,-0.8739079236984253,3.0327327251434326,Ġdass
Ġich,-0.5278027653694153,-0.5278027653694153,2.220015525817871,Ġich
Ġin,-2.4575283527374268,-2.4575283527374268,4.940587997436523,Ġin
Ġeinem,-1.4688891172409058,-1.4688891172409058,3.5989949703216553,Ġeinem
ĠWald,-3.5810704231262207,-3.0653090476989746,5.482207298278809,ĠK
Ġunter,-3.4877209663391113,-1.1869759559631348,3.6999075412750244,Ġbin
weg,-0.2090173214673996,-0.2090173214673996,1.1808276176452637,weg
s,-0.00045658653834834695,-0.00045658653834834695,0.005658675916492939,s
Ġwar,-1.4072540998458862,-0.3770512044429779,0.9790056347846985,Ġbin
.,-1.1475956439971924,-1.1475956439971924,1.7218329906463623,.

New Section
token,logprob_actual,logprob_max,entropy,most_likely_token
B,-3.546454429626465,-1.8125848770141602,4.67125940322876,1
:,-11.321185111999512,-1.411238670349121,2.981560707092285,und
ĠJa,-9.595817565917969,-2.3628158569335938,6.873802185058594,Ġ
",",-0.41268500685691833,-0.41268500685691833,1.7847650051116943,","
Ġgenau,-3.4690964221954346,-2.3447821140289307,4.822016716003418,Ġich
.,-1.1780002117156982,-1.1780002117156982,2.200648784637451,.
ĠIch,-2.5637028217315674,-1.9218590259552002,4.258681297302246,ĠUnd
Ġwar,-3.7543625831604004,-1.581834316253662,3.7081048488616943,Ġhabe
Ġals,-4.975576400756836,-2.563305139541626,4.821041107177734,Ġja
ĠKind,-2.5338728427886963,-2.5338728427886963,6.111638069152832,ĠKind
Ġoft,-4.063547611236572,-2.615936756134033,4.706811904907227,Ġin
Ġdra,-5.8653974533081055,-1.3951226472854614,3.500093460083008,Ġk
u,-0.0894765630364418,-0.0894765630364418,0.35795921087265015,u
ÃŁen,-0.0025242867413908243,-0.0025242867413908243,0.028910910710692406,ÃŁen
Ġin,-2.1940083503723145,-1.2530103921890259,2.401977777481079,","
Ġden,-2.3682894706726074,-0.35039764642715454,1.6861554384231567,Ġder
ĠW,-0.8399479985237122,-0.8399479985237122,3.1110286712646484,ĠW
Ã¤,-0.0907723531126976,-0.0907723531126976,0.3452456593513489,Ã¤
ld,-0.002715830225497484,-0.002715830225497484,0.022671882063150406,ld
ern,-0.0008220868767239153,-0.0008220868767239153,0.009030411019921303,ern
",",-1.1142065525054932,-1.1142065525054932,2.213972806930542,","
Ġund,-1.7190783023834229,-1.7190783023834229,4.003880977630615,Ġund
Ġin,-4.224874496459961,-1.5713022947311401,3.524158239364624,Ġich
Ġmeinen,-4.729039192199707,-1.3171663284301758,3.1628541946411133,Ġden
ĠTr,-1.8520569801330566,-1.8520569801330566,4.282752513885498,ĠTr
Ã¤,-0.0018328310688957572,-0.0018328310688957572,0.020573213696479797,Ã¤
umen,-0.009723207913339138,-0.009723207913339138,0.07010958343744278,umen
Ġbin,-2.862046480178833,-2.073167085647583,3.972285270690918,Ġwar
Ġich,-0.016662128269672394,-0.016662128269672394,0.15967337787151337,Ġich
Ġimmer,-2.0056443214416504,-1.932766318321228,3.909677028656006,Ġdann
Ġtie,-7.110936164855957,-1.7373497486114502,3.438654899597168,Ġwieder
fer,-0.011961164884269238,-0.011961164884269238,0.086197629570961,fer
Ġin,-0.6314027905464172,-0.6314027905464172,1.5897303819656372,Ġin
Ġden,-1.01552414894104,-1.01552414894104,1.6666233539581299,Ġden
ĠWald,-0.09873387962579727,-0.09873387962579727,0.6904160976409912,ĠWald
Ġgeg,-1.8315684795379639,-1.0394504070281982,2.3850159645080566,Ġh
angen,-0.00013386306818574667,-0.00013386306818574667,0.0015888266498222947,angen
.,-0.9725777506828308,-0.9725777506828308,1.4714946746826172,.
ĠE,-4.912379264831543,-1.2183046340942383,3.357067584991455,ĠIch
ines,-0.6829953789710999,-0.6829953789710999,1.8822884559631348,ines
ĠT,-0.2845951318740845,-0.2845951318740845,1.1221225261688232,ĠT
ages,-0.0002244459028588608,-0.0002244459028588608,0.0029326039366424084,ages
Ġkam,-3.8551361560821533,-2.1263926029205322,3.9399476051330566,Ġhabe
Ġich,-0.23873074352741241,-0.23873074352741241,1.0734262466430664,Ġich
Ġan,-1.2125974893569946,-1.2125974893569946,2.6304678916931152,Ġan
Ġeinen,-0.6143472790718079,-0.6143472790718079,1.525156855583191,Ġeinen
Ġkleinen,-3.7095634937286377,-2.142808198928833,4.14797830581665,ĠgroÃŁen
ĠBach,-2.287280559539795,-1.1583456993103027,3.176988124847412,ĠSee
",",-0.5179204940795898,-0.5179204940795898,1.531752347946167,","
Ġder,-1.1885617971420288,-1.0273832082748413,2.3629159927368164,Ġund
Ġdurch,-2.340423583984375,-2.1962146759033203,4.344470024108887,Ġsich
Ġden,-0.7977871298789978,-0.7977871298789978,1.7292146682739258,Ġden
ĠWald,-0.04320554807782173,-0.04320554807782173,0.36731433868408203,ĠWald
Ġf,-0.4544142484664917,-0.4544142484664917,1.7266504764556885,Ġf
loss,-0.13101916015148163,-0.13101916015148163,0.381051242351532,loss
.,-0.826139509677887,-0.7549286484718323,1.0717167854309082,","
ĠDer,-3.3817391395568848,-1.2358250617980957,3.1919844150543213,ĠIch
ĠBach,-0.47244229912757874,-0.47244229912757874,2.2700183391571045,ĠBach
Ġwar,-0.9115470051765442,-0.9115470051765442,2.8676939010620117,Ġwar
Ġklar,-3.973604917526245,-2.003493070602417,4.44481086730957,Ġsehr
Ġund,-0.5925059914588928,-0.5925059914588928,1.1743773221969604,Ġund
Ġdas,-3.9066126346588135,-2.2056915760040283,4.184986114501953,Ġsa
ĠWasser,-0.07151663303375244,-0.07151663303375244,0.5281401872634888,ĠWasser
Ġfun,-4.748073101043701,-1.725741982460022,3.9377973079681396,Ġwar
kel,-0.002765285549685359,-0.002765285549685359,0.022560004144906998,kel
te,-0.03069039061665535,-0.03069039061665535,0.15038415789604187,te
Ġim,-1.9872572422027588,-1.5644304752349854,2.693434238433838,Ġin
ĠSon,-0.5783814191818237,-0.5783814191818237,1.5109150409698486,ĠSon
nen,-0.16251391172409058,-0.16251391172409058,0.44646865129470825,nen
licht,-0.005775075405836105,-0.005775075405836105,0.05533977597951889,licht
.,-0.5148764848709106,-0.5148764848709106,1.4456610679626465,.
ĠIch,-0.878200888633728,-0.878200888633728,2.9827468395233154,ĠIch
Ġsa,-6.5164594650268555,-2.4203805923461914,3.8620285987854004,Ġging
ÃŁ,-0.08700594305992126,-0.08700594305992126,0.36899232864379883,ÃŁ
Ġdort,-2.8979358673095703,-0.774032473564148,2.3845038414001465,Ġam
Ġund,-1.0928120613098145,-1.0928120613098145,2.427229166030884,Ġund
Ġbe,-2.6240146160125732,-1.657097578048706,3.4645237922668457,Ġsch
ob,-0.00906034093350172,-0.00906034093350172,0.06570732593536377,ob
acht,-0.015630709007382393,-0.015630709007382393,0.08493252098560333,acht
ete,-0.010050169192254543,-0.010050169192254543,0.059271398931741714,ete
Ġdie,-1.2814998626708984,-1.2814998626708984,2.335808515548706,Ġdie
ĠF,-1.5547810792922974,-1.5547810792922974,3.9235386848449707,ĠF
ische,-0.02343050017952919,-0.02343050017952919,0.15770812332630157,ische
",",-0.5693805813789368,-0.5693805813789368,1.43540358543396,","
Ġdie,-0.22548598051071167,-0.22548598051071167,1.0458810329437256,Ġdie
Ġdurch,-2.748683452606201,-1.5192246437072754,3.706130266189575,Ġim
Ġdas,-0.4949881136417389,-0.4949881136417389,1.29993736743927,Ġdas
ĠWasser,-0.5937603116035461,-0.5937603116035461,1.762455701828003,ĠWasser
Ġschw,-0.7091930508613586,-0.7091930508613586,2.478252649307251,Ġschw
ammen,-0.043811485171318054,-0.043811485171318054,0.24435223639011383,ammen
.,-0.31049469113349915,-0.31049469113349915,0.9269823431968689,.
ĠEs,-2.7202682495117188,-1.3844517469406128,3.091184616088867,ĠPl
Ġwar,-1.362195372581482,-0.5605653524398804,1.5479936599731445,Ġwaren
Ġsehr,-2.936539888381958,-1.1944935321807861,2.9170546531677246,Ġein
Ġruh,-1.9507861137390137,-1.3130850791931152,2.5406177043914795,Ġfried
ig,-0.0010556369088590145,-0.0010556369088590145,0.010416904464364052,ig
",",-1.2465542554855347,-1.0172394514083862,1.6612656116485596,Ġund
Ġund,-0.6652979254722595,-0.6652979254722595,2.2498819828033447,Ġund
Ġich,-0.5641567707061768,-0.5641567707061768,2.1068763732910156,Ġich
Ġf,-1.6516261100769043,-1.6516261100769043,3.172471761703491,Ġf
Ã¼hl,-0.019307885318994522,-0.019307885318994522,0.10875643044710159,Ã¼hl
te,-0.0003375437227077782,-0.0003375437227077782,0.0036496766842901707,te
Ġmich,-0.03697645291686058,-0.03697645291686058,0.2424861192703247,Ġmich
Ġv,-4.190350532531738,-1.6853492259979248,3.558612585067749,Ġwohl
Ã¶,-0.001329015358351171,-0.001329015358351171,0.014716433361172676,Ã¶
ll,-0.0005834784242324531,-0.0005834784242324531,0.0071381693705916405,ll
ig,-0.0007107115816324949,-0.0007107115816324949,0.00748522998765111,ig
Ġfried,-4.265415191650391,-0.75770103931427,2.445697069168091,Ġeins
lich,-0.017017299309372902,-0.017017299309372902,0.10295765846967697,lich
.,-0.6305974721908569,-0.6305974721908569,1.16135573387146,.
ĠIn,-3.2674973011016846,-1.695293664932251,3.272160291671753,ĠPl
Ġdiesem,-0.8054932951927185,-0.8054932951927185,2.142855167388916,Ġdiesem
ĠMoment,-0.323742151260376,-0.323742151260376,1.1602213382720947,ĠMoment
Ġhatte,-4.0990777015686035,-2.3257393836975098,4.001391410827637,Ġwurde
Ġich,-0.018203457817435265,-0.018203457817435265,0.15231069922447205,Ġich
Ġdas,-1.5042530298233032,-1.5042530298233032,2.5644259452819824,Ġdas
ĠGef,-0.23645125329494476,-0.23645125329494476,1.1054840087890625,ĠGef
Ã¼hl,-0.0005726366653107107,-0.0005726366653107107,0.006259729620069265,Ã¼hl
",",-0.036697711795568466,-0.036697711795568466,0.28708645701408386,","
Ġdass,-0.8464946746826172,-0.8464946746826172,2.88498592376709,Ġdass
Ġich,-0.8855567574501038,-0.8855567574501038,2.5796127319335938,Ġich
Ġein,-3.3773772716522217,-1.7412326335906982,4.172640800476074,Ġmich
ĠTeil,-0.8427646160125732,-0.8427646160125732,2.3633127212524414,ĠTeil
Ġder,-1.8565433025360107,-0.976830244064331,1.6734068393707275,Ġdes
ĠNatur,-0.36486878991127014,-0.36486878991127014,1.2933473587036133,ĠNatur
Ġwar,-1.5434437990188599,-0.5493794679641724,1.4445852041244507,Ġbin
Ġund,-1.5304855108261108,-0.9229930639266968,1.4169301986694336,.
Ġmit,-3.0925111770629883,-1.4444352388381958,3.781829595565796,Ġdass
Ġder,-1.8358542919158936,-0.698929488658905,1.8878722190856934,Ġihr
ĠWelt,-3.7177233695983887,-0.26948869228363037,1.3038467168807983,ĠNatur
Ġum,-2.3040523529052734,-0.8768206834793091,2.5363495349884033,Ġeins
Ġmich,-0.008730456233024597,-0.008730456233024597,0.08126532286405563,Ġmich
Ġher,-0.04324470832943916,-0.04324470832943916,0.35261523723602295,Ġher
um,-0.002262296387925744,-0.002262296387925744,0.02249198779463768,um
Ġeins,-0.20194679498672485,-0.20194679498672485,1.00904381275177,Ġeins
.,-5.08273458480835,-0.6841684579849243,1.5333510637283325,Ġwurde
ĠEs,-2.0149588584899902,-1.0230717658996582,3.2549338340759277,ĠIch
Ġwar,-0.3733900189399719,-0.3733900189399719,1.5822019577026367,Ġwar
Ġein,-1.4300869703292847,-1.4300869703292847,3.10723876953125,Ġein
ĠschÃ¶,-3.3509387969970703,-1.7880229949951172,3.676514148712158,ĠGef
ner,-1.2568203210830688,-0.3369480073451996,0.6118406057357788,nes
",",-1.737184762954712,-1.2574808597564697,2.6115269660949707,ĠMoment
Ġfried,-1.349094033241272,-1.349094033241272,3.7006990909576416,Ġfried
licher,-0.04410148411989212,-0.04410148411989212,0.2151697427034378,licher
ĠTra,-5.300885200500488,-1.1673200130462646,2.193563461303711,ĠMoment
um,-0.0023947865702211857,-0.0023947865702211857,0.023510485887527466,um
",",-1.1234673261642456,-1.1234673261642456,1.982311725616455,","
Ġder,-1.7027446031570435,-1.1258994340896606,2.6577987670898438,Ġund
Ġmir,-1.9718729257583618,-1.9120546579360962,4.146782875061035,Ġmich
Ġauch,-5.221343994140625,-2.5476865768432617,4.91276216506958,Ġin
Ġals,-4.617076873779297,-1.399562954902649,3.619008779525757,Ġheute
ĠEr,-0.42012619972229004,-0.42012619972229004,2.237640619277954,ĠEr
w,-0.17861407995224,-0.17861407995224,0.5070850253105164,w
achs,-0.05448298528790474,-0.05448298528790474,0.252733051776886,achs
ener,-0.22343313694000244,-0.22343313694000244,0.5106515884399414,ener
Ġoft,-3.9598636627197266,-1.5047904253005981,3.1493828296661377,Ġnoch
Ġin,-0.7580221891403198,-0.7580221891403198,2.748016834259033,Ġin
Ġden,-0.581977128982544,-0.581977128982544,1.8983070850372314,Ġden
ĠSinn,-0.08852972835302353,-0.08852972835302353,0.5765234231948853,ĠSinn
Ġkommt,-0.7131224870681763,-0.7131224870681763,1.1726460456848145,Ġkommt
.,-0.9992654323577881,-0.9992654323577881,1.6828227043151855,.

New Section
token,logprob_actual,logprob_max,entropy,most_likely_token
B,-3.546456813812256,-1.8126025199890137,4.671266555786133,1
:,-11.321168899536133,-1.411275863647461,2.9815831184387207,und
ĠOkay,-12.027107238769531,-2.362823247909546,6.873804092407227,Ġ
.,-0.8977943658828735,-0.6560608148574829,1.2304134368896484,","
ĠĊ,-22.699026107788086,-2.7751717567443848,4.867988109588623,ĠIch
(,-3.580986499786377,-2.87715482711792,5.101656436920166,C
St,-3.6748757362365723,-1.9943631887435913,4.184008598327637,âĢ¦)
ille,-4.564528942108154,-0.9956670999526978,3.270993232727051,im
.,-5.10975456237793,-1.155207872390747,2.6333537101745605,Ġim
ĠB,-4.970561981201172,-2.1793222427368164,4.795041084289551,ĠDie
Ġli,-5.279341697692871,-1.4007949829101562,4.815432071685791,:
est,-0.0011023165425285697,-0.0011023165425285697,0.012025095522403717,est
.,-4.224520683288574,-1.873484492301941,3.7764878273010254,Ġdie
Ġ-,-5.026925086975098,-1.7872483730316162,4.120352268218994,ĠB
Ġ),-5.62473201751709,-2.1850662231445312,4.8937835693359375,ĠB

New Section
token,logprob_actual,logprob_max,entropy,most_likely_token
B,-3.546454429626465,-1.8125848770141602,4.67125940322876,1
:,-11.321185111999512,-1.411238670349121,2.981560707092285,und
Ġ(,-5.526364803314209,-2.3628158569335938,6.873802185058594,Ġ
in,-5.41052770614624,-1.5310472249984741,5.365761756896973,1
ĠSch,-6.522623062133789,-2.2290451526641846,5.8515214920043945,Ġder
rift,-1.0560433864593506,-1.0560433864593506,3.262993812561035,rift
spr,-7.570473670959473,-1.007094144821167,2.541564464569092,form
ache,-0.008438643999397755,-0.008438643999397755,0.07838039100170135,ache
.),-8.745174407958984,-1.0824227333068848,3.4189324378967285,)
ĠDie,-3.3029186725616455,-2.615149736404419,5.721566677093506,Ġ
ĠGeschichte,-6.5137176513671875,-2.237607717514038,5.907170295715332,ĠKl
Ġhand,-3.126744270324707,-1.431564450263977,3.2448983192443848,Ġvon
elt,-0.011319111101329327,-0.011319111101329327,0.07352917641401291,elt
Ġvon,-0.17383113503456116,-0.17383113503456116,0.8572474718093872,Ġvon
Ġeiner,-2.0473129749298096,-1.1305534839630127,3.4720497131347656,Ġeinem
Ġkleinen,-3.40191650390625,-2.674271583557129,5.7061567306518555,ĠFrau
ĠKat,-3.8181934356689453,-2.0901594161987305,4.959618091583252,ĠMa
ze,-0.024598147720098495,-0.024598147720098495,0.12771821022033691,ze
",",-0.48378831148147583,-0.48378831148147583,1.796384334564209,","
Ġdie,-0.15289540588855743,-0.15289540588855743,1.0275177955627441,Ġdie
Ġan,-5.10964822769165,-2.3536057472229004,4.918248176574707,Ġin
Ġeinem,-0.7639155387878418,-0.7639155387878418,2.76131010055542,Ġeinem
Ġsehr,-4.051420211791992,-2.461477041244507,5.003060340881348,ĠschÃ¶
Ġhei,-1.3963221311569214,-1.3963221311569214,2.9156508445739746,Ġhei
ÃŁen,-0.015015198849141598,-0.015015198849141598,0.12276874482631683,ÃŁen
ĠTag,-0.6019356846809387,-0.6019356846809387,1.236075758934021,ĠTag
Ġim,-2.6520867347717285,-2.024178981781006,4.08775520324707,Ġin
ĠSch,-2.22895884513855,-1.6372172832489014,3.542476177215576,ĠSommer
atten,-0.12763266265392303,-0.12763266265392303,0.7391904592514038,atten
Ġeines,-1.4328721761703491,-1.4328721761703491,3.413527488708496,Ġeines
ĠBa,-1.1100175380706787,-1.1100175380706787,3.2988579273223877,ĠBa
umes,-0.023021450266242027,-0.023021450266242027,0.11465370655059814,umes
Ġsch,-3.2546439170837402,-1.5787558555603027,3.93331241607666,Ġsit
lÃ¤,-0.004076505079865456,-0.004076505079865456,0.04299553111195564,lÃ¤
ft,-0.0008987916517071426,-0.0008987916517071426,0.008714324794709682,ft
.,-0.30196669697761536,-0.30196669697761536,1.0175368785858154,.
ĠSie,-2.0818371772766113,-1.9573198556900024,3.6040215492248535,ĠPl
ĠtrÃ¤,-1.2903181314468384,-1.2903181314468384,2.9959917068481445,ĠtrÃ¤
um,-0.02723311074078083,-0.02723311074078083,0.1421358436346054,um
t,-0.030017103999853134,-0.030017103999853134,0.1398470401763916,t
Ġvon,-0.49046987295150757,-0.49046987295150757,1.5446228981018066,Ġvon
Ġeinem,-0.7951517105102539,-0.7951517105102539,2.3837742805480957,Ġeinem
Ġk,-4.922399044036865,-1.9109264612197876,4.933376312255859,ĠgroÃŁen
Ã¼h,-0.012613401748239994,-0.012613401748239994,0.11110368371009827,Ã¼h
len,-0.0035693051759153605,-0.0035693051759153605,0.03112577274441719,len
ĠTe,-4.619239330291748,-1.8830609321594238,3.736901044845581,ĠSee
ich,-0.006349746137857437,-0.006349746137857437,0.051691267639398575,ich
",",-0.6930528879165649,-0.6930528879165649,1.8124724626541138,","
Ġan,-2.144561529159546,-0.5676448345184326,1.8980739116668701,Ġin
Ġdem,-0.07500402629375458,-0.07500402629375458,0.38665151596069336,Ġdem
Ġsie,-0.27463486790657043,-0.27463486790657043,1.437964677810669,Ġsie
Ġtr,-6.988494873046875,-1.5633127689361572,3.880211353302002,Ġsich
ink,-0.024132555350661278,-0.024132555350661278,0.17039665579795837,ink
en,-0.25013163685798645,-0.25013163685798645,0.5490070581436157,en
Ġkann,-1.5131313800811768,-1.0345985889434814,1.5923151969909668,Ġund
.,-0.5381692051887512,-0.5381692051887512,1.2004848718643188,.
ĠAls,-1.5422512292861938,-1.5422512292861938,3.4441914558410645,ĠAls
Ġsie,-0.1315726935863495,-0.1315726935863495,0.5362564325332642,Ġsie
Ġauf,-0.5351240634918213,-0.5351240634918213,1.9450714588165283,Ġauf
w,-0.011679131537675858,-0.011679131537675858,0.09962838888168335,w
acht,-0.002734733046963811,-0.002734733046963811,0.02075023390352726,acht
",",-0.06811203807592392,-0.06811203807592392,0.4627596139907837,","
Ġist,-1.4813714027404785,-1.4813714027404785,3.8321542739868164,Ġist
Ġder,-2.468306064605713,-0.5873265862464905,1.6002614498138428,Ġsie
ĠTe,-2.2507920265197754,-1.0437589883804321,2.806520938873291,ĠTra
ich,-0.0008628221112303436,-0.0008628221112303436,0.009541035629808903,ich
Ġnicht,-2.15873384475708,-1.85163152217865,3.945183753967285,Ġversch
Ġmehr,-0.4762212336063385,-0.4762212336063385,1.5186463594436646,Ġmehr
Ġweit,-1.6492133140563965,-0.642219066619873,1.8721187114715576,Ġda
",",-2.514392375946045,-1.0001826286315918,1.7956492900848389,Ġentfer
Ġund,-0.7561935782432556,-0.7561935782432556,2.0690619945526123,Ġund
Ġdie,-2.5372097492218018,-0.17760489881038666,0.9034918546676636,Ġsie
ĠKat,-0.2864837646484375,-0.2864837646484375,0.8417566418647766,ĠKat
ze,-0.0022024677600711584,-0.0022024677600711584,0.018083766102790833,ze
Ġfol,-6.029733657836914,-1.9318934679031372,3.596508026123047,Ġtr
gt,-0.002743649296462536,-0.002743649296462536,0.02451460063457489,gt
Ġeinem,-3.136563777923584,-1.4225438833236694,2.4141082763671875,Ġdem
ĠSch,-4.821034908294678,-1.847949504852295,4.255741596221924,Ġkleinen
met,-0.2898104786872864,-0.2898104786872864,1.2482521533966064,met
ter,-0.0007849234389141202,-0.0007849234389141202,0.008420217782258987,ter
ling,-0.02057611756026745,-0.02057611756026745,0.11499392986297607,ling
",",-0.7722243070602417,-0.7722243070602417,2.2316689491271973,","
Ġder,-0.14808881282806396,-0.14808881282806396,0.7824084758758545,Ġder
Ġsie,-1.7372567653656006,-1.7372567653656006,3.7418463230133057,Ġsie
Ġzu,-1.10120689868927,-1.10120689868927,2.2796459197998047,Ġzu
Ġeinem,-1.1327402591705322,-0.7244893908500671,1.4882407188415527,Ġdem
Ġge,-6.524807929992676,-1.1785666942596436,3.5849807262420654,ĠTe
heim,-0.009785067290067673,-0.009785067290067673,0.07216746360063553,heim
en,-0.5153005719184875,-0.5153005719184875,0.6949757933616638,en
",",-3.6923694610595703,-1.14533531665802,3.025542736053467,ĠTe
Ġver,-2.906022071838379,-1.9922798871994019,4.209857940673828,Ġk
ste,-0.16974906623363495,-0.16974906623363495,0.6977950930595398,ste
ck,-0.020612435415387154,-0.020612435415387154,0.12091974914073944,ck
ten,-0.0019501493079587817,-0.0019501493079587817,0.016856448724865913,ten
ĠOrt,-2.3344874382019043,-0.5375379323959351,2.188413619995117,ĠTe
ĠfÃ¼h,-0.231100931763649,-0.231100931763649,1.149343729019165,ĠfÃ¼h
rt,-0.014878380112349987,-0.014878380112349987,0.08498721569776535,rt
.,-0.5873735547065735,-0.5873735547065735,1.3010221719741821,.
ĠDer,-2.790344715118408,-0.9498867392539978,3.035780429840088,ĠDort
ĠTe,-2.318298101425171,-0.4664294123649597,1.9283185005187988,ĠSch
ich,-0.005210272967815399,-0.005210272967815399,0.04844357818365097,ich
Ġist,-0.5362095832824707,-0.5362095832824707,1.9534361362457275,Ġist
Ġklar,-5.733263969421387,-2.3601255416870117,4.391516208648682,Ġdort
",",-1.6527307033538818,-0.26723259687423706,0.7316189408302307,Ġund
Ġund,-0.7720394730567932,-0.7720394730567932,2.561624526977539,Ġund
Ġdie,-0.4421733617782593,-0.4421733617782593,1.6853578090667725,Ġdie
ĠKat,-0.06865977495908737,-0.06865977495908737,0.4472265839576721,ĠKat
ze,-0.001191621064208448,-0.001191621064208448,0.01037429179996252,ze
Ġkann,-1.4986660480499268,-0.7810757756233215,2.4328484535217285,Ġtr
Ġend,-4.258529186248779,-1.4756234884262085,3.757202386856079,Ġsich
lich,-0.006820847745984793,-0.006820847745984793,0.04676731675863266,lich
Ġihren,-2.685704469680786,-0.3103753924369812,1.4781349897384644,Ġtr
ĠDur,-0.04072891175746918,-0.04072891175746918,0.28991633653640747,ĠDur
st,-0.0002506657037883997,-0.0002506657037883997,0.0031390790827572346,st
Ġl,-0.7620460987091064,-0.692084550857544,0.9000542163848877,Ġstill
Ã¶s,-0.0004615910293068737,-0.0004615910293068737,0.005181829910725355,Ã¶s
chen,-0.00022432672267314047,-0.00022432672267314047,0.002693104324862361,chen
.,-0.4455112814903259,-0.4455112814903259,1.2546992301940918,.
ĠSie,-1.8405323028564453,-1.8405323028564453,4.105512619018555,ĠSie
Ġist,-2.679619789123535,-1.8929862976074219,4.3642730712890625,Ġtr
Ġsehr,-2.395190954208374,-1.8443524837493896,3.9173712730407715,Ġso
Ġz,-4.003506660461426,-1.0362374782562256,2.1224122047424316,Ġgl
uf,-0.0006456674309447408,-0.0006456674309447408,0.007772873155772686,uf
ried,-0.0003195490571670234,-0.0003195490571670234,0.003692681435495615,ried
en,-0.0005864569102413952,-0.0005864569102413952,0.006947705522179604,en
Ġund,-1.2301076650619507,-1.2301076650619507,1.9204539060592651,Ġund
Ġke,-4.159457206726074,-2.701596260070801,4.702864646911621,Ġsch
h,-0.0023460264783352613,-0.0023460264783352613,0.020746935158967972,h
rt,-0.000912369170691818,-0.000912369170691818,0.008915062993764877,rt
ĠspÃ¤ter,-5.1026411056518555,-1.7771453857421875,3.5231103897094727,Ġzu
ĠzurÃ¼ck,-2.492488145828247,-1.6399376392364502,3.0319035053253174,Ġzu
Ġzu,-1.855353593826294,-1.041804552078247,2.1503889560699463,","
Ġihrem,-0.8207561373710632,-0.8207561373710632,2.378551959991455,Ġihrem
ĠBaum,-5.114300727844238,-1.820812463760376,4.262373924255371,ĠHerr
",",-1.2929320335388184,-1.0851244926452637,2.1884217262268066,.
Ġum,-0.8130176663398743,-0.8130176663398743,2.3686068058013916,Ġum
Ġsich,-1.6938416957855225,-1.6382653713226318,3.337996482849121,Ġzu
Ġwieder,-3.23435115814209,-0.6056329011917114,2.3532583713531494,Ġaus
Ġaus,-0.8734845519065857,-0.8734845519065857,2.6456546783447266,Ġaus
z,-0.010424213483929634,-0.010424213483929634,0.07859496027231216,z
uru,-0.03800457715988159,-0.03800457715988159,0.21715092658996582,uru
hen,-0.0006566275842487812,-0.0006566275842487812,0.007169652264565229,hen
.,-0.41680359840393066,-0.41680359840393066,1.1662832498550415,.
